manifest_order,review_id,app_name,rating,review_date,review_text,already_annotated
38,236046,Kredivo,5,2024-07-26,ok ga ribet,False
57,227372,Kredivo,4,2024-06-10,prosesnya cepat gak ribet,False
71,204227,Akulaku,5,2024-04-14,aplikasi yang sangat menguntungkan,False
190,95222,Kredivo,5,2024-09-06,sangat mudah dan membantu,False
218,241735,Kredivo,5,2024-06-20,aplikasi paylater terbaik,True
221,11869,Kredivo,1,2024-11-16,tidak bisa dibuka,False
306,188140,Akulaku,5,2024-08-02,aplikasi sangat membantu,False
349,275259,Kredivo,5,2024-01-08,biar bintang saja yg bicara,False
399,230634,Kredivo,5,2024-08-29,aplikasi paling mantap,False
429,63332,Kredivo,5,2025-04-22,proses cepat tidak ribet,False
447,248561,Kredivo,5,2024-05-16,pelayanan sangat baik dan cepat,False
454,218220,Akulaku,5,2024-01-17,akulaku sangat memuaskan,False
469,133452,Akulaku,2,2025-02-24,limit paylater tdk bsa digunakan,False
487,135291,Akulaku,2,2024-08-08,ada limit tapi gak bisa di gunakan,False
489,248348,Kredivo,5,2024-05-17,sangat membantu di saat darurat,False
560,93566,Kredivo,5,2024-09-17,memuaskan dan sangat membantu,False
570,147522,Akulaku,4,2024-08-08,tidak pernah di acc,False
602,264102,Kredivo,5,2024-02-23,ok bgt sangat membantu,False
603,124779,Akulaku,1,2024-04-04,tidak bs di pakai,False
605,52352,Kredivo,5,2025-07-14,transaksi mudah dan cepat,False
633,143722,Akulaku,3,2024-02-25,payleter ga bisa digunakan,False
739,117598,Akulaku,1,2024-08-04,paylatter ga bisa di gunakan,False
747,197938,Akulaku,5,2024-05-30,aplikasi yg sangat baik,False
821,248504,Kredivo,5,2024-05-17,i love kredivo,False
884,185602,Akulaku,5,2024-08-21,pengajuan gagal mulu,False
886,67018,Kredivo,5,2025-03-21,knp kredivo saya gak bisa di buka,False
923,229976,Kredivo,5,2024-09-02,mantap terimakasih kredivo,True
957,210877,Akulaku,5,2024-02-29,waw sangat membantu,False
1005,55913,Kredivo,5,2025-06-09,trima kasih kredivo,False
1087,273959,Kredivo,5,2024-01-13,"sangat membantu , terimakasih",False
1171,84963,Kredivo,5,2024-11-15,membantu banget terimakasih kredivo,False
1179,194318,Akulaku,5,2024-06-23,keren sukses selalu,False
1211,77095,Kredivo,5,2025-01-09,aplikasi yang membantu sekali,False
1214,68706,Kredivo,5,2025-03-09,semoga di acc,False
1259,212194,Akulaku,5,2024-02-21,makin nyaman pakai akulaku,False
1284,123556,Akulaku,1,2024-04-27,apk tdk berguna,False
1293,213291,Akulaku,5,2024-02-14,sangat membantu dalam kebutuhan sehari-hari,False
1326,182611,Akulaku,5,2024-09-11,sangat membantu sy,False
1329,216752,Akulaku,5,2024-01-25,bagus sekali sagat membantu,False
1363,62100,Kredivo,5,2025-05-04,gak di acc,False
1371,35471,Kredivo,5,2026-01-18,kredivo sangat membantu,False
1396,47055,Kredivo,5,2025-09-16,sangat membantu dengan adanya kredivo,False
1433,178820,Akulaku,5,2024-10-10,akulaku emang top,False
1445,97354,Akulaku,1,2025-12-02,... ... .. ... .,False
1459,182102,Akulaku,5,2024-09-15,sangat membantu sekali aplikasi akulaku,False
1498,58006,Kredivo,5,2025-06-06,kredivo saya ga bisa di buka,False
1507,77364,Kredivo,5,2025-01-07,"sangat membantu, terimakasih kredivo",False
1610,67863,Kredivo,5,2025-03-15,sangat bagus dan membantu,False
1622,226773,Kredivo,4,2024-08-15,sangat membantu usaha sy,False
1630,122903,Akulaku,1,2024-05-07,limit gak bisa dipakai,False
1647,255257,Kredivo,5,2024-04-07,mantap sukses selalu kredivo,True
1650,208498,Akulaku,5,2024-03-13,terimakasih akulaku sukses selalu,True
1658,130515,Akulaku,1,2024-01-17,makin ga jelas,False
1670,80655,Kredivo,5,2024-12-16,tidak ribet mudah dan cepat prosesnya,True
1688,81110,Kredivo,5,2024-12-12,sangat membantu. mantap,False
1774,249595,Kredivo,5,2024-05-11,mantap mah kredivo,False
1822,130517,Akulaku,1,2024-01-17,punya limit tpi gak bisa digunakan,False
1841,268721,Kredivo,5,2024-02-03,mantap dan sangat terbantu,False
1845,264966,Kredivo,5,2024-02-20,kredivo jaya jaya jaya,False
1861,165695,Akulaku,5,2025-04-01,akulaku memang ok,False
1910,46079,Kredivo,5,2025-09-25,semoga lebih baik,False
1938,194346,Akulaku,5,2024-06-23,sangat membantu sekali. terima kasih akulaku,False
1940,269595,Kredivo,5,2024-01-31,biar bintang yg bicara,False
1946,67540,Kredivo,5,2025-03-17,biar bintang yg berbicara,False
1958,94134,Kredivo,5,2024-09-12,thanks for you,False
2056,261854,Kredivo,5,2024-03-03,bagus aplikasi kredivo,False
2061,60019,Kredivo,5,2025-05-22,cepat di acc,False
2114,253635,Kredivo,5,2024-04-18,prosesnya tidak ribet,False
2150,274108,Kredivo,5,2024-01-12,suka banget sama kredivo,False
2542,133545,Akulaku,2,2025-02-07,gak bisa update,False
2559,230263,Kredivo,5,2024-09-01,sangat membantu disaat genting,False
2675,84416,Kredivo,5,2024-11-19,aplikasi yang mantap,False
2755,196519,Akulaku,5,2024-06-08,bagus dan sangat membantu,False
2782,30316,Kredivo,2,2024-02-09,limit tidak jelas,False
2842,69706,Kredivo,5,2025-03-02,mantap is the best,False
2970,55325,Kredivo,5,2025-06-11,membantu saat urgent,False
2975,68944,Kredivo,5,2025-03-07,baik sangat membantu,False
2977,258251,Kredivo,5,2024-03-21,belanja lebih mudah,False
3066,57098,Kredivo,5,2025-06-07,aplikasinya gk bisa di buka,False
3086,192871,Akulaku,5,2024-07-02,sukses terus akulaku,True
3111,219845,Akulaku,5,2024-01-07,terima kasih sangat membantu sekali,False
3140,251926,Kredivo,5,2024-04-29,semua mudah dengan kredivo,False
3145,161387,Akulaku,5,2025-06-22,akulaku is the best,False
3172,227776,Kredivo,4,2024-05-06,semoga bisa di acc,False
3226,190338,Akulaku,5,2024-07-19,"terima kasih akulaku, sangat membantu",False
3249,275419,Kredivo,5,2024-01-07,bagus sngt membantu,False
3265,269634,Kredivo,5,2024-01-31,semoga aja di acc,False
3331,181084,Akulaku,5,2024-09-24,sangat mudah dan aman,False
3345,83933,Kredivo,5,2024-11-23,aplikasi yng sangat membantu.,False
3353,61284,Kredivo,5,2025-05-11,semoga d terima,False
3384,128309,Akulaku,1,2024-02-15,makin kesini makin sulit,False
3407,38535,Kredivo,5,2025-12-15,proses cepat dan mudah,False
3458,164137,Akulaku,5,2025-05-02,prosesnya cepat dan gak ribet,False
3473,72487,Kredivo,5,2025-02-11,menyenangkan pakai kredivo,False
3527,79396,Kredivo,5,2024-12-25,transaksi sangat mudah,False
3558,218630,Akulaku,5,2024-01-14,sangat membantu. terimakasih,False
3562,69441,Kredivo,5,2025-03-04,solusi yang baik,False
3598,28512,Kredivo,2,2024-09-13,tidak di acc terus,False
3675,80448,Kredivo,5,2024-12-17,cepat sekali acc nya,False
3683,269210,Kredivo,5,2024-02-01,bagus dan membantu,False
3713,208536,Akulaku,5,2024-03-13,terima kasih aku laku,False
3735,179726,Akulaku,5,2024-10-02,hebat sangat membantu,False
3856,253156,Kredivo,5,2024-04-22,bagus sangat membantu,False
3877,193418,Akulaku,5,2024-06-29,nggak bisa pinjam lagi,False
3920,266844,Kredivo,5,2024-02-11,mantap sangat sangat membantu,False
4024,193595,Akulaku,5,2024-06-28,masih belum bisa,False
4090,85655,Kredivo,5,2024-11-10,sangat bagus & membantu,False
4119,248234,Kredivo,5,2024-05-18,jd lebih mudah,False
4138,186447,Akulaku,5,2024-08-15,akulaku keren mantap,True
4153,173570,Akulaku,5,2024-11-23,aplikasi yang sangat menarik,False
4270,173475,Akulaku,5,2024-11-24,mantap jiwa akulaku,False
4297,68634,Kredivo,5,2025-03-09,terbaik deh pokoknya,False
4393,243470,Kredivo,5,2024-06-11,sangat baik kredivo,False
4513,134269,Akulaku,2,2024-11-10,paylater nya gak bisa di pake,False
4552,229884,Kredivo,5,2024-09-03,mudahan bisa membantu,False
4637,68546,Kredivo,5,2025-03-10,sangat bagus kredivo,False
4704,253708,Kredivo,5,2024-04-18,"terimakasih kredivo, sangat membantu",False
4747,260522,Kredivo,5,2024-03-09,puas sangat puas,False
4753,63353,Kredivo,5,2025-04-22,kredivo is the best,False
4754,180893,Akulaku,5,2024-09-25,"sangat membantu, terima kasih akulaku",False
4824,276693,Kredivo,5,2024-01-02,cepat n ngk ribet,False
4872,261867,Kredivo,5,2024-03-02,"terimakasih, sangat membantu sekali",False
4932,275023,Kredivo,5,2024-01-09,aplikasi yang sangat recomended,False
4981,91348,Kredivo,5,2024-10-02,aplikasi yg sangat bagus dan membantu,False
4998,169521,Akulaku,5,2025-01-24,akulaku sangat membantu saya,False
5001,231351,Kredivo,5,2024-08-25,aplikasi nya bagus sangat membantu,False
5038,68382,Kredivo,5,2025-03-11,terimakasih kredivo sangat membantu,False
5054,200403,Akulaku,5,2024-05-11,apk sangat membantu,False
5102,195360,Akulaku,5,2024-06-16,menyala abang ku,False
5104,72716,Kredivo,5,2025-02-09,sangat membantu dalam situasi darurat,False
5129,48734,Kredivo,5,2025-08-31,sangat bagus dan sangat membantu,False
5318,252148,Kredivo,5,2024-04-28,respon nya sangat cepat,True
5529,113089,Akulaku,1,2024-10-23,knp limit saya gk bisa di gunakan,True
5550,94228,Kredivo,5,2024-09-12,bagus banget aplikasi nya,False
5759,245489,Kredivo,5,2024-06-01,semoga kredivo bs membantu,False
5770,217674,Akulaku,5,2024-01-20,puas pake akulaku,False
5823,93638,Kredivo,5,2024-09-16,sangat membantu dalam kesulitan,True
5850,175242,Akulaku,5,2024-11-08,aplikasi ini sangat membantu banget,False
5901,84094,Kredivo,5,2024-11-22,sangat mudah dan membantu,False
5923,184125,Akulaku,5,2024-08-31,mudah dan cepat prosesnya,False
6018,123085,Akulaku,1,2024-05-04,percuma ngak bisa di pakai,False
6035,176352,Akulaku,5,2024-10-30,terimakasih sudah sangat membantu,False
6073,77926,Kredivo,5,2025-01-04,sangat membantu dan bunga rendah,False
6082,45715,Kredivo,5,2025-09-29,pencairan mudah dan cepat,False
6087,179719,Akulaku,5,2024-10-03,sangat membantu yg membutuhkan,True
6113,240404,Kredivo,5,2024-06-28,membantu terima kasih,False
6131,83916,Kredivo,5,2024-11-23,aplikasi kredivo sangat membantu sekali,False
6157,202086,Akulaku,5,2024-04-29,sangat puas sekali,False
6203,54094,Kredivo,5,2025-06-22,so far so good,False
6231,219864,Akulaku,5,2024-01-07,tolong acc pinjaman saya,True
6314,71168,Kredivo,5,2025-02-20,good job kredivo,False
6338,142210,Akulaku,3,2024-06-25,limitnya nggak bisa dipake,False
6347,35388,Kredivo,5,2026-01-19,bagus sangat membantu,False
6444,92451,Kredivo,5,2024-09-24,masih dalam percobaan,False
6482,182996,Akulaku,5,2024-09-08,sangat membantu sekali,False
6538,205073,Akulaku,5,2024-04-06,akulaku emang terbaik,False
6551,43141,Kredivo,5,2025-10-25,di tolak terus,False
6612,218423,Akulaku,5,2024-01-15,akulaku sangat bagus,False
6625,265041,Kredivo,5,2024-02-20,sangat membantu dalam pembayaran,False
6634,267265,Kredivo,5,2024-02-09,bagus tdk ribet,False
6641,35353,Kredivo,5,2026-01-20,kredivo gak jelas,False
6665,51437,Kredivo,5,2025-07-25,terimakasih atas kepercayaan nya,False
6677,222481,Kredivo,3,2024-02-09,limit gak bisa naik,False
6697,149655,Akulaku,4,2024-02-28,paylaterku ga bsa dipake,True
6702,170862,Akulaku,5,2025-01-01,sangat membantu kalau lagi kepepet,False
6806,264562,Kredivo,5,2024-02-21,simple ga ribet,False
6813,227805,Kredivo,4,2024-05-03,kenapa limit gak bisa dipakai,False
6816,144276,Akulaku,3,2024-01-18,kenapa limit saya tidak bs digunakan,False
6827,37526,Kredivo,5,2025-12-28,proses cepat dan mudah,False
6841,92664,Kredivo,5,2024-09-22,mantap terbantu sekali,True
6849,72293,Kredivo,5,2025-02-12,terima kasih kredivo,False
6922,75472,Kredivo,5,2025-01-21,sangat membantu sekali...,True
6953,171847,Akulaku,5,2024-12-14,sangat cocok untuk kebutuhan sehari-hari,False
6972,89180,Kredivo,5,2024-10-15,aplikasi yang bagus dan membantu,False
7084,216660,Akulaku,5,2024-01-26,sangat baik dan sangat berguna,False
7122,54698,Kredivo,5,2025-06-15,sangat membantu terimakasih kredivo,False
7135,69558,Kredivo,5,2025-03-03,good lah pokoknya,False
7137,93409,Kredivo,5,2024-09-18,kredivo sangat membantu,False
7178,187161,Akulaku,5,2024-08-09,sangat membantu di saat genting,False
7191,86281,Kredivo,5,2024-11-05,"sangat baik, terima kasih",False
7268,206713,Akulaku,5,2024-03-26,terimakasih akulaku sudah membantu,False
7301,91150,Kredivo,5,2024-10-02,mudah mudahan amanah,False
7375,71397,Kredivo,5,2025-02-19,pelayanan yg cepat,True
7549,183577,Akulaku,5,2024-09-03,mantap pinjaman langsung cair,False
7551,79092,Kredivo,5,2024-12-27,sangat mudah di gunakan,False
7582,93986,Kredivo,5,2024-09-14,sangat membantu sekali.,False
7596,204845,Akulaku,5,2024-04-08,silahkan di coba,False
7670,91224,Kredivo,5,2024-10-02,sukses selalu buat kredivo,False
7691,73502,Kredivo,5,2025-02-04,bagus membantu banget,False
7770,48527,Kredivo,5,2025-09-01,aplikasi yg sangat membantu,False
7792,140119,Akulaku,3,2025-01-26,tidak bisa di install,False
7810,72080,Kredivo,5,2025-02-14,mantap sangat membantu,False
7877,108289,Akulaku,1,2025-02-09,aplikasi tidak jelas,False
7900,35702,Kredivo,5,2026-01-16,proses nya mudah dan cepat,True
7902,168448,Akulaku,5,2025-02-09,belanja lebih mudah,True
7930,200685,Akulaku,5,2024-05-09,sangat membantu terimakasi akulaku,False
7953,88414,Kredivo,5,2024-10-21,proses cepat dan murah,False
7992,204589,Akulaku,5,2024-04-10,tak cair cair,False
7997,64610,Kredivo,5,2025-04-11,"terima kasih, sangat membantu",False
8014,64235,Kredivo,5,2025-04-14,kredivo memang yang terbaik,False
8019,274166,Kredivo,5,2024-01-12,sangat sangat membantu..,False
8030,211899,Akulaku,5,2024-02-23,ok sangat membantu,False
8033,143244,Akulaku,3,2024-03-28,ga bisa paylater,False
8053,253041,Kredivo,5,2024-04-22,"bagus aplikasinya, sangat membantu",False
8142,261541,Kredivo,5,2024-03-04,aplikasi the best,False
8143,58533,Kredivo,5,2025-06-05,aplikasi kredivo kenapa gk bisa dibuka,True
8173,265416,Kredivo,5,2024-02-18,"bagus, ga ribet",False
8212,257531,Kredivo,5,2024-03-25,mantaaap pokok nya,False
8222,234246,Kredivo,5,2024-08-06,pokoknya mantap lah,False
8241,164493,Akulaku,5,2025-04-26,terima kasih aku laku,False
8264,177854,Akulaku,5,2024-10-18,apk ngak jelas,False
8267,242622,Kredivo,5,2024-06-15,terimakasih atas kepercayaan nya,False
8303,237036,Kredivo,5,2024-07-19,sangat membantu dlm keadaan darurat,False
8316,262908,Kredivo,5,2024-02-28,terima kasih karena sangat membantu,False
8323,219777,Akulaku,5,2024-01-08,aplikasi sangat memuaskan,False
8329,236910,Kredivo,5,2024-07-20,sangat membantu untuk dana darurat,False
8464,103949,Akulaku,1,2025-06-20,gk bisa ngajuin,False
8477,241457,Kredivo,5,2024-06-21,dengan adanya kredivo sangat membantu saya,False
8533,77610,Kredivo,5,2025-01-06,sangat membantu sekalii,False
8537,210597,Akulaku,5,2024-03-01,ada limit tpi tidak bisa di gunakan,False
8540,66883,Kredivo,5,2025-03-22,membantu banget terimakasih kredivo,False
8576,162072,Akulaku,5,2025-06-08,terimaksih sudah membantu,False
8590,81919,Kredivo,5,2024-12-07,mudah dan bagus,False
8642,203620,Akulaku,5,2024-04-18,sangat puas dengan aplikasi akulaku,False
8682,98074,Akulaku,1,2025-11-13,apk ga ada guna,False
8794,122371,Akulaku,1,2024-05-17,gak bisa pinjam lg,False
8883,130039,Akulaku,1,2024-01-25,ada limit ga bisa di pakai,False
8887,217592,Akulaku,5,2024-01-21,aplikasi yang recommended banget,False
8888,73592,Kredivo,5,2025-02-03,aplikasi sangat berguna,False
8924,251319,Kredivo,5,2024-05-02,pokoknya the best,False
8948,48594,Kredivo,5,2025-09-01,aplikasi yang sangat bagus,False
8957,264761,Kredivo,5,2024-02-21,membantu modal usaha,False
9018,181782,Akulaku,5,2024-09-17,mantap makasih akulaku,False
9019,104036,Akulaku,1,2025-06-18,aplikasi ngk jelas,True
9035,241638,Kredivo,5,2024-06-20,terimakasih untuk kredivo,True
9106,270328,Kredivo,5,2024-01-28,proses cepat mantap,False
9130,215990,Akulaku,5,2024-01-30,proses gk ribet,False
9137,274936,Kredivo,5,2024-01-09,mantap sangat membantu,False
9162,118466,Akulaku,1,2024-07-20,limit ga bisa di pake buat apa,True
9203,245883,Kredivo,5,2024-05-30,mantap gk pakai ribet,False
9233,38339,Kredivo,5,2025-12-18,kredivo memang mantap,False
9381,53500,Kredivo,5,2025-06-28,lama banget naik limit nya,True
9468,95279,Kredivo,5,2024-09-06,sangat membantu untuk kebutuhan mendesak,False
9493,176851,Akulaku,5,2024-10-26,kenapa limit sya tidak bisa di gunakan,False
9559,255325,Kredivo,5,2024-04-07,mantap luar biasa,True
9569,214999,Akulaku,5,2024-02-03,aku laku emang top,False
9593,245428,Kredivo,5,2024-06-01,terimakasih kredivo the best,False
9598,63326,Kredivo,5,2025-04-22,sangat terbantu dengan kredivo,False
9599,244754,Kredivo,5,2024-06-04,saya kasi bintang 5,False
9613,88025,Kredivo,5,2024-10-24,kredivo memang luar biasa,True
9651,76805,Kredivo,5,2025-01-11,mudah dan efisien,False
9662,270575,Kredivo,5,2024-01-27,sangat membantu terima kasih.,False
9677,273004,Kredivo,5,2024-01-17,alhamdulillah sangat membantu,False
9685,45061,Kredivo,5,2025-10-05,gak bisa pinjam lagi,False
9737,68814,Kredivo,5,2025-03-08,sangat membantu sekali,False
9761,211300,Akulaku,5,2024-02-26,aplikasi gak mutu,False
9783,66150,Kredivo,5,2025-03-27,sukses selalu kredivo,False
9874,212029,Akulaku,5,2024-02-22,sangat suka dengan aplikasi ini,False
9886,172580,Akulaku,5,2024-12-02,top sangat membantu,False
9887,224719,Kredivo,4,2025-05-20,sangat membantu dalam finansial,False
9962,72619,Kredivo,5,2025-02-10,bintang yang bicara,False
9967,99758,Akulaku,1,2025-09-27,lucky draw penipuan,False
9979,210050,Akulaku,5,2024-03-04,good job aku laku,False
10131,268086,Kredivo,5,2024-02-06,simple ga ribet,False
10151,72243,Kredivo,5,2025-02-13,"cepat, mudah dan terpercaya",False
10173,115868,Akulaku,1,2024-09-03,tidak bisa mengajukan pinjaman,True
10178,252255,Kredivo,5,2024-04-27,sangat sy suka,False
10191,32150,Kredivo,3,2025-06-06,aplikasi ga bisa di buka,False
10202,266673,Kredivo,5,2024-02-12,kredivo mengatasi masalah tanpa masalah,False
10253,247997,Kredivo,5,2024-05-19,sangat memuaskan pakai kredivo,False
10292,235769,Kredivo,5,2024-07-29,cepat dan jelas,False
10361,47011,Kredivo,5,2025-09-16,"sangat "" membantu",False
10388,187998,Akulaku,5,2024-08-03,the best akulaku,False
10397,74455,Kredivo,5,2025-01-29,sangat baik dan bagus,False
10529,19926,Kredivo,1,2024-04-22,akun gk bisa di bukak,False
10546,49041,Kredivo,5,2025-08-28,ok sip mantap,False
10548,215173,Akulaku,5,2024-02-02,terima kasih akulaku terbaik,True
10580,67745,Kredivo,5,2025-03-16,aplikasi yg sangat membatu,False
10601,59871,Kredivo,5,2025-05-24,mantap terimakasih kredivo,False
10607,242361,Kredivo,5,2024-06-17,mudah dan cepat,False
10622,240846,Kredivo,5,2024-06-25,sangat membantu sekali dengan adanya aplikasi ini,False
10786,75555,Kredivo,5,2025-01-20,kredivo selalu di hati,False
10794,159344,Akulaku,5,2025-07-30,mantaap dan sangat membantu,True
10814,147096,Akulaku,4,2024-09-13,kenapa paylater sya tidak bisa di gunakan,False
10820,67098,Kredivo,5,2025-03-20,kenapa apk saya gk bisa dibuka,False
10839,243446,Kredivo,5,2024-06-11,sangat bagus apk ini,False
10876,79945,Kredivo,5,2024-12-21,bagus dan keren,False
10937,261531,Kredivo,5,2024-03-04,puas banget pakai kredivo,False
10963,155676,Akulaku,5,2025-10-11,aplikasi paling buruk.,False
11014,233516,Kredivo,5,2024-08-11,kredivo sangat membantu keuangan saya,False
11029,190609,Akulaku,5,2024-07-17,aplikasi yang sngt membantu,True
11077,260794,Kredivo,5,2024-03-08,kenapa belum bisa pinjam,False
11219,65752,Kredivo,5,2025-03-31,kredivo the best,False
11243,204386,Akulaku,5,2024-04-13,aplikasi yang bagus,False
11306,244394,Kredivo,5,2024-06-06,sangat membantu sekali aplikasi kredivo ini,False
11321,216004,Akulaku,5,2024-01-30,cepet dan tdk ribet,False
11381,233958,Kredivo,5,2024-08-08,sejauh ini sangat membantu,False
11387,192748,Akulaku,5,2024-07-02,akulaku aplikasi yang sangat bagus,False
11441,92444,Kredivo,5,2024-09-24,sangat membantu sya,False
11450,40393,Kredivo,5,2025-11-26,terimakasih sangat membantu,True
11451,188098,Akulaku,5,2024-08-03,akulaku sangat bagus,False
11464,252111,Kredivo,5,2024-04-28,sejauh ini masih bagus,False
11472,189532,Akulaku,5,2024-07-25,mudah acc nya,False
11498,170400,Akulaku,5,2025-01-09,aplikasi sangat bagus sekali,False
11558,239836,Kredivo,5,2024-07-02,terima kasih kredivo sangat membantu sekali,False
11619,274411,Kredivo,5,2024-01-11,mudah dan cepat sangat membantu,False
11625,236891,Kredivo,5,2024-07-20,sangat membantu mksh,False
11628,267219,Kredivo,5,2024-02-09,pencairan dana sangat cepat,False
11653,263863,Kredivo,5,2024-02-24,sangat mudah tidak ribet,False
11658,251643,Kredivo,5,2024-04-30,bagus dan mudah sangat membantu,False
11804,239642,Kredivo,5,2024-07-03,sangat cepat di acc,True
11961,23092,Kredivo,1,2024-02-24,bunganya gede bgt,False
12021,184014,Akulaku,5,2024-09-01,limit ada tp tidak bisa di pakai,False
12041,215787,Akulaku,5,2024-01-31,sangat luar biasa membantu,False
12056,92558,Kredivo,5,2024-09-23,pendaftaran cepat dan mudah,False
12153,41906,Kredivo,5,2025-11-08,sangat membantu terimakasih kredivo,False
12215,222353,Kredivo,3,2024-02-20,hapus data saya,False
12226,270739,Kredivo,5,2024-01-26,sangat luar biasa,False
12235,165659,Akulaku,5,2025-04-02,terimakasih sudah banyak membantu,False
12270,137501,Akulaku,2,2024-02-25,ada limit tp ga bs d pakai,False
12285,92300,Kredivo,5,2024-09-25,aplikasi bagus membantu,False
12301,241017,Kredivo,5,2024-06-24,kredipo sangat membantu,False
12339,194209,Akulaku,5,2024-06-24,mantap akulaku sangat membantu,False
12418,245596,Kredivo,5,2024-05-31,bagus... sangat membantu,False
12459,262789,Kredivo,5,2024-02-28,"mudah""an bisa membantu",False
12533,64888,Kredivo,5,2025-04-08,cepat mudah tidak ribet,True
12544,205643,Akulaku,5,2024-04-02,aku laku memang ok,False
12786,86428,Kredivo,5,2024-11-05,baru mau coba,False
12838,60528,Kredivo,5,2025-05-18,aplikasi pinjaman terbaik,False
12888,254352,Kredivo,5,2024-04-14,is the best,True
12889,239861,Kredivo,5,2024-07-01,sangat membantu masyarakat,False
12894,140388,Akulaku,3,2024-12-23,tidak dapat limit,False
12902,114239,Akulaku,1,2024-10-01,tidak bisa pinjam,False
12923,163870,Akulaku,5,2025-05-07,akulaku memang the best,False
12949,178054,Akulaku,5,2024-10-16,paylater ngga bisa di pake,False
12964,215336,Akulaku,5,2024-02-02,mudah dalam pelayanan,False
12985,83272,Kredivo,5,2024-11-28,bagus bgt membantu,False
13018,192943,Akulaku,5,2024-07-01,sangat mudah digunakan,False
13027,74206,Kredivo,5,2025-01-31,sangat membantu dan tidak ribet,True
13121,57430,Kredivo,5,2025-06-07,biar bintang yg berbicara,False
13142,201000,Akulaku,5,2024-05-07,aplikasi yang bagus,False
13150,83469,Kredivo,5,2024-11-27,sangat puas dgn aplikasi ini,False
13181,81413,Kredivo,5,2024-12-11,mantaf sangat membantu,False
13211,86979,Kredivo,5,2024-11-01,aplikasi ini sangat membantu,False
13221,248859,Kredivo,5,2024-05-15,pokonya kredivo is the best,False
13300,166980,Akulaku,5,2025-03-09,sukses selalu akulaku,False
13320,237941,Kredivo,5,2024-07-14,aplikasi tak bisa buka,True
13485,250153,Kredivo,5,2024-05-08,sangat mempermudah transaksi,False
13525,184730,Akulaku,5,2024-08-27,terima kasih akulaku,False
13602,207939,Akulaku,5,2024-03-17,sangat membantu dan mudah pembayaran nya,False
13643,113373,Akulaku,1,2024-10-18,aplikasi ga jelas,False
13780,191713,Akulaku,5,2024-07-09,apl yg sangat bagus,False
13807,57632,Kredivo,5,2025-06-06,kenapa aplikasinya ga bisa di buka ya,False
13826,236264,Kredivo,5,2024-07-24,kredivo emng mantap,True
13901,82542,Kredivo,5,2024-12-03,terima kasih kredivo..,True
13938,260759,Kredivo,5,2024-03-08,sangat membantu.. terimakasih,False
14004,44732,Kredivo,5,2025-10-08,biarkan bintang yg berbicara,False
14007,239253,Kredivo,5,2024-07-05,bunganya lebih rendah,True
14015,81097,Kredivo,5,2024-12-13,kredivo memang ok,False
14023,155436,Akulaku,5,2025-10-16,terimakasih akulaku sangat membantu,True
14026,196456,Akulaku,5,2024-06-09,mantap pokok nya akulaku,False
14047,77947,Kredivo,5,2025-01-04,bagus banget aplikasi nya,False
14051,74550,Kredivo,5,2025-01-28,aplikasi yang sangat memuaskan,False
14270,230441,Kredivo,5,2024-08-30,terima kasih sdh membantu,False
14290,114751,Akulaku,1,2024-09-24,apk yg sangat buruk,False
14341,255075,Kredivo,5,2024-04-09,sangat membantu di saat butuh mendesak,False
14343,246833,Kredivo,5,2024-05-25,semuanya jadi mudah,False
14344,272897,Kredivo,5,2024-01-17,terbaik dan termurah,False
14488,177053,Akulaku,5,2024-10-25,terimakasih atas kepercayaannya,True
14491,159954,Akulaku,5,2025-07-18,sangat baik akulaku,False
14556,192036,Akulaku,5,2024-07-07,... ' .,True
14569,60835,Kredivo,5,2025-05-15,proses cepat dan gak ribet,False
14590,192967,Akulaku,5,2024-07-01,terimakasih aku laku,False
14609,202164,Akulaku,5,2024-04-29,terima kasih akulaku sangat membantu,False
14626,200576,Akulaku,5,2024-05-09,pinjaman yang mudah dan cepat,False
14662,80008,Kredivo,5,2024-12-20,sangat membantu thanks kredivo,False
14665,198373,Akulaku,5,2024-05-27,trimakasih akulaku sangat membantu,False
14692,83640,Kredivo,5,2024-11-25,aplikasi yg baik,False
14735,226840,Kredivo,4,2024-08-08,pengajuan nya gampang,False
14761,84552,Kredivo,5,2024-11-18,sangat membantu saya,True
14774,277020,Kredivo,5,2024-01-01,sangat membantu jika digunakan dengan bijak,False
14790,172888,Akulaku,5,2024-11-29,sangat bagus bgt,False
14807,73268,Kredivo,5,2025-02-05,mantap jaya terus,False
14828,47378,Kredivo,5,2025-09-13,sangat mudah digunakan,False
14850,82324,Kredivo,5,2024-12-04,pelayanannya sangat baik,False
14860,255405,Kredivo,5,2024-04-07,lebih mudah dan murah,False
14901,170623,Akulaku,5,2025-01-05,terimakasih akulaku sangat membantu,False
14947,195116,Akulaku,5,2024-06-18,mantap the best,False
14990,187368,Akulaku,5,2024-08-07,the best pokoke,False
15009,78247,Kredivo,5,2025-01-02,kredivo sangat membantu trimakasi,False
15084,245027,Kredivo,5,2024-06-03,sukses trus buat kredivo,False
15094,41093,Kredivo,5,2025-11-18,kredivo yg terbaik,True
15122,79477,Kredivo,5,2024-12-24,kredivo keren sangat membantu,False
15132,233187,Kredivo,5,2024-08-12,biar bintang yang berbicara,True
15159,260776,Kredivo,5,2024-03-08,terima kasih sudah dibantu,False
15206,92659,Kredivo,5,2024-09-22,aplikasi yang sangat membantu dan terpercaya,False
15228,75051,Kredivo,5,2025-01-24,semoga dpt membantu,False
15283,243340,Kredivo,5,2024-06-12,sukses terus untuk kredivo,True
15301,219178,Akulaku,5,2024-01-11,aplikasi yg sangat membantu,False
15330,27060,Kredivo,2,2025-06-07,aplikasi tidak bisa di buka,True
15369,63888,Kredivo,5,2025-04-17,sangat bagus sekali,False
15410,11389,Kredivo,1,2024-12-01,aplikasi gk jelas,True
15482,239192,Kredivo,5,2024-07-06,kredivo sangat membantu,True
15503,58438,Kredivo,5,2025-06-05,knp aplikasi kredivo saya ga bs d buka?,False
15520,70000,Kredivo,5,2025-02-28,keren sangat membantu,False
15561,231430,Kredivo,5,2024-08-24,aplikasi yang sangat membantu...,False
15610,68637,Kredivo,5,2025-03-09,terima kasih kredivo sudah banyak membantu,False
15672,70539,Kredivo,5,2025-02-25,sangat membantu untuk dana darurat,False
15756,234989,Kredivo,5,2024-08-02,sangat baik dan bagus,False
15786,57584,Kredivo,5,2025-06-06,aplikasi kredivo saya tidak bisa di buka,False
15797,220964,Akulaku,5,2024-01-01,sangat membantu.. terimakasih akulaku,False
15814,182566,Akulaku,5,2024-09-11,terimakasih bantuan nya,False
15842,251906,Kredivo,5,2024-04-29,sangat baik bisa membantu,False
15854,246326,Kredivo,5,2024-05-28,kredivo emang bagus,False
15890,95331,Kredivo,5,2024-09-06,terimakasih kredivo sudah membantu,False
15909,269924,Kredivo,5,2024-01-30,mantap kredivo sukses terus,False
15924,24172,Kredivo,1,2024-02-03,aplikasi gak membantu,False
15951,230117,Kredivo,5,2024-09-01,bagus sangat membantu sekali,False
15999,261699,Kredivo,5,2024-03-03,biar bintang yg bicara,False
16070,66791,Kredivo,5,2025-03-22,semoga lebih baik lagi,False
16097,242394,Kredivo,5,2024-06-16,sangat membantu sekali.. terimakasih kredivo,False
16127,62287,Kredivo,5,2025-05-02,pelayanan cepat dan mudah,False
16158,68780,Kredivo,5,2025-03-08,proses pinjaman cepat,True
16192,58372,Kredivo,5,2025-06-05,kenapa aplikasinya gak bisa dibuka?,False
16273,272143,Kredivo,5,2024-01-20,ga pake lama,False
16324,74958,Kredivo,5,2025-01-25,mantap pake kredivo,True
16327,47690,Kredivo,5,2025-09-10,mantap sangat membantu,False
16426,80859,Kredivo,5,2024-12-14,aplikasi yg sangat bagus dan sangat membantu,False
16434,235594,Kredivo,5,2024-07-31,mudah ga ribet,False
16449,84728,Kredivo,5,2024-11-17,semoga di acc ya min,True
16481,183566,Akulaku,5,2024-09-03,kasih 5 bintang,False
16533,235522,Kredivo,5,2024-07-31,kredivo emang mantap,True
16583,52822,Kredivo,5,2025-07-08,mantap. sangat membantu,False
16589,272424,Kredivo,5,2024-01-19,terima kasih sangat membantu,True
16659,64292,Kredivo,5,2025-04-14,prosesnya mudah dan cepat,False
16660,205660,Akulaku,5,2024-04-02,cepat dan terjamin,False
16671,58074,Kredivo,5,2025-06-05,kredivo sya tidak bisa di buka,False
16708,105068,Akulaku,1,2025-05-20,aplikasi gk guna,False
16853,172691,Akulaku,5,2024-11-30,terimakasih atas bantuannya,False
16888,146651,Akulaku,4,2024-10-28,akulaku sangat membantu,False
16923,172928,Akulaku,5,2024-11-28,mantap pelayanan nya,False
16942,267953,Kredivo,5,2024-02-06,aman dan gak ribet,False
17063,193185,Akulaku,5,2024-06-30,sangat bagus cepat dan mudah,False
17115,238501,Kredivo,5,2024-07-11,sangat membantu.terimakasih kredivo,False
17170,69970,Kredivo,5,2025-03-01,apk yang sangat membantu,False
17229,231199,Kredivo,5,2024-08-26,"cepat, dan mudah",False
17230,160866,Akulaku,5,2025-07-01,apk bagus banget,False
17242,121944,Akulaku,1,2024-05-25,ga jelas nih aplikasi,False
17263,202670,Akulaku,5,2024-04-25,sukses trs untuk akulaku,False
17288,33166,Kredivo,3,2024-11-30,limit ga naik2,False
17307,218339,Akulaku,5,2024-01-16,aplikasi yang bagus,False
17353,174763,Akulaku,5,2024-11-12,layanan yang baik,True
17362,178183,Akulaku,5,2024-10-15,moga di acc lgi,False
17395,171237,Akulaku,5,2024-12-25,semoga jadi yg terbaik,False
17467,75834,Kredivo,5,2025-01-19,sangat membantu sekali aplikasi ini,False
17469,198787,Akulaku,5,2024-05-24,akulaku solusi terbaik,False
17500,112320,Akulaku,1,2024-11-08,kenapa limit saya tidak bisa di gunakan,True
17595,233981,Kredivo,5,2024-08-08,terima kasih kredivo...,False
17649,181956,Akulaku,5,2024-09-16,sangat membantu terimakasih,False
17661,231729,Kredivo,5,2024-08-22,kredivo emang oke,False
17684,239592,Kredivo,5,2024-07-03,sangat membantu untuk usaha,False
17770,42890,Kredivo,5,2025-10-28,sangat membantu dan memuaskan,False
17776,88422,Kredivo,5,2024-10-21,sangat berguna sekali,False
17809,90591,Kredivo,5,2024-10-05,kredivo solusi keuangan terbaik,False
17811,19891,Kredivo,1,2024-04-23,ga bisa daftar,False
17864,78288,Kredivo,5,2025-01-01,apk yg bagus,False
17876,91911,Kredivo,5,2024-09-28,proses pencairan cepat,False
17949,86720,Kredivo,5,2024-11-02,pelayanan sangat bagus,False
17961,188459,Akulaku,5,2024-08-01,mantap gak ribet,False
18006,113007,Akulaku,1,2024-10-25,ada limit tapi tidak bisa digunakan,False
18139,227382,Kredivo,4,2024-06-09,baik baik baik,False
18157,69025,Kredivo,5,2025-03-06,sangat membantu alhamdulillah,False
18223,196502,Akulaku,5,2024-06-08,biar bintang yg berbicara,False
18237,89878,Kredivo,5,2024-10-10,sangat membantu dan sangat cepat prosesnya,False
18244,237012,Kredivo,5,2024-07-19,kredivo memang terbaik,False
18362,249003,Kredivo,5,2024-05-14,kredivo selalu di hati,False
18455,63562,Kredivo,5,2025-04-20,pencairan yg cepat,True
18468,263499,Kredivo,5,2024-02-25,aplikasinya tidak bisa di buka,True
18496,72592,Kredivo,5,2025-02-10,aplikasi sangat bermanfaat,False
18585,248143,Kredivo,5,2024-05-18,sangat membantu dan proses mudah,False
18639,205414,Akulaku,5,2024-04-04,pinjaman saya gagal terus,False
18707,256851,Kredivo,5,2024-03-29,pinjaman online terbaik,False
18757,208722,Akulaku,5,2024-03-11,good is the best,False
18777,160957,Akulaku,5,2025-06-30,tidak bisa mengajukan pinjaman uang,False
18787,248386,Kredivo,5,2024-05-17,sangat memuaskan pake kredivo,False
18839,73814,Kredivo,5,2025-02-02,terimakasih kredivo sangat membantu,False
18893,83532,Kredivo,5,2024-11-26,mantap proses cepet,False
18956,274090,Kredivo,5,2024-01-12,limit nya gak naik naik,False
18957,192362,Akulaku,5,2024-07-05,proses sangat mudah dan cepat,False
19006,200730,Akulaku,5,2024-05-09,membantu sekali akulaku,False
19044,257700,Kredivo,5,2024-03-24,cepat mudah dan aman,False
19052,137690,Akulaku,2,2024-02-15,paylaternya gak bisa dipakai,False
19110,215643,Akulaku,5,2024-02-01,mantap apk ni sangat membantu,False
19223,41730,Kredivo,5,2025-11-10,luar biasa sangat membantu,False
19253,52129,Kredivo,5,2025-07-17,aplikasi yg sangat membantu,False
19306,86850,Kredivo,5,2024-11-01,cepat n ga ribet,False
19369,42875,Kredivo,5,2025-10-28,sangat membantu dalam keuangan,False
19437,229481,Kredivo,4,2024-01-05,oke lah mantap,False
19487,23495,Kredivo,1,2024-02-18,susah untuk di acc,False
19499,217493,Akulaku,5,2024-01-21,sangat membantu untuk pinjamannya,False
19525,155820,Akulaku,5,2025-10-08,oke banget lah,False
19559,266076,Kredivo,5,2024-02-15,kredivo emang top..,True
19582,218267,Akulaku,5,2024-01-16,limitnya ga naik naik,True
19594,162905,Akulaku,5,2025-05-25,trimakasih sdh membantu,False
19684,71007,Kredivo,5,2025-02-22,sangat bagus dan membantu sekali,False
19686,266419,Kredivo,5,2024-02-13,aplikasi ya bagus membantu,False
19726,248349,Kredivo,5,2024-05-17,sangat mudah tidak ribet,False
19740,163086,Akulaku,5,2025-05-22,smoga bisa cair,False
19747,197188,Akulaku,5,2024-06-04,sangat membantu banget,False
19788,73640,Kredivo,5,2025-02-03,sangat membantu sekalu,False
19837,213500,Akulaku,5,2024-02-12,bagus.. sangat membantu,False
19892,48492,Kredivo,5,2025-09-02,aplikasi yg bagus dan sangat membantu,False
19898,272652,Kredivo,5,2024-01-18,cepat tanggap dan mudah,False
19899,90642,Kredivo,5,2024-10-05,cukup baik dan sangat membantu,False
19978,90990,Kredivo,5,2024-10-03,ok ok ok,False
19985,237838,Kredivo,5,2024-07-15,"sangat membantu, terimakasih kredivo",False
19997,255849,Kredivo,5,2024-04-04,aplikasi sangat baik,False
20000,91489,Kredivo,5,2024-10-01,sangat membantu segala kebutuhan,False
20029,71897,Kredivo,5,2025-02-15,aplikasi sangat membantu. terima kasih,False
20120,51557,Kredivo,5,2025-07-24,mantap gak ribet,True
20139,246665,Kredivo,5,2024-05-26,luar biasa sangat membantu,False
20163,194357,Akulaku,5,2024-06-23,cukup mudah dan membantu,False
20220,199791,Akulaku,5,2024-05-16,mudah cepat gk ribet,False
20375,210308,Akulaku,5,2024-03-02,sangat membantu terima kasih aku laku,False
20395,254640,Kredivo,5,2024-04-12,tambah limit lagi,False
20399,91390,Kredivo,5,2024-10-01,sangat membantu dan cepat prosesnya,False
20481,127623,Akulaku,1,2024-02-23,apk tidak jelas,False
20484,272882,Kredivo,5,2024-01-17,terima kasih sudah di acc,False
20632,244712,Kredivo,5,2024-06-05,terimah kasih kredivo,False
20674,260090,Kredivo,5,2024-03-11,kredivo memang membantu sekali,False
20716,68958,Kredivo,5,2025-03-07,proses mudah dan cepat terimakasih,False
20776,76613,Kredivo,5,2025-01-13,sangat membantu sekali apk ini,False
20798,73490,Kredivo,5,2025-02-04,sangat membantu di saat terdesak,True
20836,264611,Kredivo,5,2024-02-21,terima kasih kredivo,False
20840,243788,Kredivo,5,2024-06-10,mantap ini aplikasinya,True
20895,173411,Akulaku,5,2024-11-25,semoga limit bertambah,False
20902,178823,Akulaku,5,2024-10-10,sangat membantu yg membutuhkan,True
21028,217198,Akulaku,5,2024-01-23,nyaman dan mudah,False
21138,72751,Kredivo,5,2025-02-09,sangat terbantu sekali dengan adanya kredivo,False
21174,240119,Kredivo,5,2024-06-30,proses pinjaman mudah dan cepat,False
21180,177074,Akulaku,5,2024-10-25,aplikasinya mudah di pakai,False
21253,69113,Kredivo,5,2025-03-06,kredivo luar biasa,False
21255,179757,Akulaku,5,2024-10-02,akulaku oke banget,False
21301,246913,Kredivo,5,2024-05-25,sangat membatu untuk modal usaha,False
21317,184734,Akulaku,5,2024-08-27,aku laku top,False
21409,233822,Kredivo,5,2024-08-09,sangat bagus banget,False
21422,143799,Akulaku,3,2024-02-20,saya kasih 3 bintang dulu,False
21464,148062,Akulaku,4,2024-06-27,gak di acc terus,False
21502,195926,Akulaku,5,2024-06-12,pinjaman cepat tanpa ribet,False
21507,264607,Kredivo,5,2024-02-21,lebih murah dan mudah,False
21522,50041,Kredivo,5,2025-08-12,"sangat membantu, makasih kredivo",True
21546,254796,Kredivo,5,2024-04-11,sangat puas dgn pelayanan kredivo,False
21550,271168,Kredivo,5,2024-01-25,aplikasi yang cukup membantu,False
21627,112267,Akulaku,1,2024-11-09,tidak bisa dipakai,False
21630,256285,Kredivo,5,2024-04-02,aplikasi yg sngt membantu,False
21646,185298,Akulaku,5,2024-08-23,terimakasih pengajuan mudah,False
21683,193793,Akulaku,5,2024-06-26,ada limit tapi gk bisa di pakai,False
21727,116862,Akulaku,1,2024-08-17,tidak pernah acc,False
21732,63184,Kredivo,5,2025-04-23,terima kasih sudah banyak membantu,False
21774,205440,Akulaku,5,2024-04-03,akulaku paling ok,False
21783,267205,Kredivo,5,2024-02-09,kredivo the best pokoknya,False
21826,60941,Kredivo,5,2025-05-14,dengan kredivo semua jadi mudah,False
21862,53007,Kredivo,5,2025-07-05,bagus dan aman,False
21909,250341,Kredivo,5,2024-05-07,kredivo sangat membantu sekali,True
21915,156090,Akulaku,5,2025-10-02,terima kasih akulaku,True
21975,214917,Akulaku,5,2024-02-04,satu kata mantap,False
21977,51785,Kredivo,5,2025-07-21,aplikasi yg berguna,False
21989,68483,Kredivo,5,2025-03-10,terimakasih sudah membantu..,False
22071,170731,Akulaku,5,2025-01-03,membantu kebutuhan keluarga,False
22178,241934,Kredivo,5,2024-06-19,apk yg sangat membantu.,False
22229,254978,Kredivo,5,2024-04-09,proses mudah dan cepat.,False
22330,100365,Akulaku,1,2025-09-12,limit tidak bisa di gunakan,False
22341,266324,Kredivo,5,2024-02-13,proses mudah dan sangat cepat,False
22412,42598,Kredivo,5,2025-10-31,sangat bagus dan mudah,True
22513,245946,Kredivo,5,2024-05-30,pinjaman anti ribet,False
22614,91894,Kredivo,5,2024-09-28,kredivo ok banget,False
22746,164501,Akulaku,5,2025-04-26,aplikasi yg sangat membantu,True
22800,70084,Kredivo,5,2025-02-28,cepat dan memuaskan,False
22882,189714,Akulaku,5,2024-07-23,mantap aplikasinya bisa membantu,False
22899,76525,Kredivo,5,2025-01-13,kredivo sangat membantu,False
22905,244143,Kredivo,5,2024-06-08,membantu disaat lgi butuh,False
22937,10715,Kredivo,1,2024-12-22,langsung di tolak,False
22962,237676,Kredivo,5,2024-07-16,cukup memuaskan dan membantu,False
22969,222603,Kredivo,3,2024-02-01,aplikasi ni sangat bagus,False
22985,272656,Kredivo,5,2024-01-18,sangat bisa di andalkan,False
23010,185392,Akulaku,5,2024-08-23,mudah dan sangat membantu,False
23013,63836,Kredivo,5,2025-04-18,terimakasih sdh sangat membantu kami,False
23036,62192,Kredivo,5,2025-05-03,sangat membantu dan memudahkan,False
23048,73713,Kredivo,5,2025-02-03,mempermudah segala urusan,False
23051,73660,Kredivo,5,2025-02-03,sangat membantu sekali kredivo,False
23161,272790,Kredivo,5,2024-01-18,sangat membantu sekali terima kasih kredivo,False
23184,226654,Kredivo,4,2024-08-27,sangat membantu pake kredivo,False
23235,168271,Akulaku,5,2025-02-12,terima kasih akulaku sangat membantu,False
23262,236716,Kredivo,5,2024-07-21,sangat membantu sekali kredivo,False
23275,187445,Akulaku,5,2024-08-07,prosesnya cepat bunganya rendah,False
23277,173724,Akulaku,5,2024-11-22,paylater gk bisa di pake,False
23437,235424,Kredivo,5,2024-08-01,saya suka kredivo,False
23439,269927,Kredivo,5,2024-01-30,semoga lancar trs,False
23501,213245,Akulaku,5,2024-02-14,mudah dan cepat,False
23507,68611,Kredivo,5,2025-03-09,sangat membantu untuk kebutuhan mendesak,False
23510,240344,Kredivo,5,2024-06-28,mudah cepat dan gak ribet,False
23561,189219,Akulaku,5,2024-07-27,tidak pernah cair,True
23566,184989,Akulaku,5,2024-08-26,trimakasih sudah membantu,False
23572,68257,Kredivo,5,2025-03-12,pelayanan yg memuaskan,False
23778,264374,Kredivo,5,2024-02-22,gak ribet 1 menit cair,False
23787,252572,Kredivo,5,2024-04-25,proses nggak ribet,False
23801,41929,Kredivo,5,2025-11-07,sangat mudah dan tidak ribet,False
23819,243972,Kredivo,5,2024-06-09,bagus afk nya,False
23836,203655,Akulaku,5,2024-04-18,baik proses cepat,False
23862,183725,Akulaku,5,2024-09-02,cukup membantu saya,False
23876,177770,Akulaku,5,2024-10-19,"sangat membantu, trimakasih",False
23954,203716,Akulaku,5,2024-04-18,mantap... sangat membantu,False
24002,72078,Kredivo,5,2025-02-14,sangat membantu dengan baik,False
24036,223189,Kredivo,4,2025-11-17,sangat membantu bgt terimakasih kredivo,False
24054,275650,Kredivo,5,2024-01-06,mantap kredivo nya,False
24055,70835,Kredivo,5,2025-02-23,sangat baik untuk di gunakan,False
24069,258444,Kredivo,5,2024-03-20,sangat baik dan membantu,False
24109,94866,Kredivo,5,2024-09-08,apk yang sangat bagus,False
24132,126933,Akulaku,1,2024-03-03,limit besar tidak bisa dipakai,False
24227,181177,Akulaku,5,2024-09-23,app yang sangat bagus,False
24243,77998,Kredivo,5,2025-01-03,terimakasih banyak kredivo,False
24255,79697,Kredivo,5,2024-12-23,sangat membantu saya,False
24350,270499,Kredivo,5,2024-01-27,so far so good,False
24363,167485,Akulaku,5,2025-02-28,bagus buat dana darurat,False
24368,256472,Kredivo,5,2024-04-01,thanks for you,False
24385,85795,Kredivo,5,2024-11-09,bagus bgt aplikasi nya,False
24407,62004,Kredivo,5,2025-05-05,bagus sekali sangat membantu,True
24409,95436,Kredivo,5,2024-09-05,mantap sangat mudah,False
24427,13806,Kredivo,1,2024-09-19,", , ,",False
24448,190546,Akulaku,5,2024-07-17,semoga makin sukses,False
24466,6272,Kredivo,1,2025-06-05,aplikasi tidak bisa dibuka,False
24485,41309,Kredivo,5,2025-11-15,sangat bagus dan membantu,False
24489,76892,Kredivo,5,2025-01-11,mantap apk nya,False
24499,240571,Kredivo,5,2024-06-27,cepet banget pencairannya,False
24590,94580,Kredivo,5,2024-09-10,saya pengguna baru,False
24594,92501,Kredivo,5,2024-09-23,membantu yang membutuhkan,False
24618,174900,Akulaku,5,2024-11-11,"sangat membantu, terimakasih akulaku",False
24640,217227,Akulaku,5,2024-01-23,terimakasih atas responnya,False
24669,71302,Kredivo,5,2025-02-20,sangat membantu di saat membutuhkan,True
24720,42889,Kredivo,5,2025-10-28,mudah dan cepat,True
24725,245745,Kredivo,5,2024-05-31,apk sangat membantu,False
24734,87443,Kredivo,5,2024-10-28,sangat membantu terimakasih,False
24815,187514,Akulaku,5,2024-08-06,sangat membantu sekali,False
24858,240353,Kredivo,5,2024-06-28,sangat membantu disaat ada kebutuhan mendadak,False
24861,61891,Kredivo,5,2025-05-06,kalau bisa bunganya jangan besar,False
24938,201581,Akulaku,5,2024-05-03,acc nya cepat,False
24985,175423,Akulaku,5,2024-11-06,aman nyaman terpercaya,False
25033,68470,Kredivo,5,2025-03-10,"aplikasi yang sangat membantu, terimakasih",True
25047,82231,Kredivo,5,2024-12-05,sangat membantu keuangan mendesak,False
25076,216454,Akulaku,5,2024-01-27,trmksh sangat membantu,False
25096,68098,Kredivo,5,2025-03-13,mudah dan amanah,False
25126,13299,Kredivo,1,2024-10-02,di tolak terus,False
25132,90923,Kredivo,5,2024-10-04,sangat membantu the best,False
25155,232638,Kredivo,5,2024-08-16,kredivo luar biasa,False
25182,154356,Akulaku,5,2025-11-08,pengajuan selalu gagal,False
25266,230130,Kredivo,5,2024-09-01,"sangat membantu, terima kasih kredivo",False
25291,228816,Kredivo,4,2024-02-16,sangat membantu dan bagus aplikasinya,False
25305,193460,Akulaku,5,2024-06-28,good job aku laku,False
25357,238463,Kredivo,5,2024-07-11,kredivo sangat membantu usaha kami,False
25375,56957,Kredivo,5,2025-06-07,cepat banget proses nya,True
25400,6078,Kredivo,1,2025-06-06,ga bisa dibuka,False
25429,91226,Kredivo,5,2024-10-02,kredivo sangat membantu sekali,False
25435,198090,Akulaku,5,2024-05-28,sangan puas dengan aplikasi ini,True
25440,201476,Akulaku,5,2024-05-03,membantu banget ...,False
25538,213929,Akulaku,5,2024-02-09,sangat membantu bagus banget,False
25566,233876,Kredivo,5,2024-08-09,sangat cepat transaksinya,False
25721,231451,Kredivo,5,2024-08-24,pengajuan tdk ribet,False
25799,198076,Akulaku,5,2024-05-29,puas banget dah,False
25834,90417,Kredivo,5,2024-10-07,cepat dan gk ribet,True
25838,48153,Kredivo,5,2025-09-05,aplikasi yg sangat membantu,False
25868,82974,Kredivo,5,2024-11-30,mantap mudah dan cepat,False
25943,176142,Akulaku,5,2024-11-01,apk sangat membatu,False
26004,27119,Kredivo,2,2025-06-06,saya tidak bisa login,False
26093,203204,Akulaku,5,2024-04-22,terima kasih akulaku...,False
26123,93864,Kredivo,5,2024-09-14,semoga tidak mengecewakan,False
26170,36467,Kredivo,5,2026-01-08,sangat membantu banget,False
26351,91377,Kredivo,5,2024-10-01,sangat membantu disaat butuh uang mendadak,False
26367,71130,Kredivo,5,2025-02-21,"bagus, sangat membantu",False
26480,224949,Kredivo,4,2025-04-09,solusi keuangan anda,False
26505,173606,Akulaku,5,2024-11-23,akulaku memang luar biasa,False
26529,181001,Akulaku,5,2024-09-24,sangat membantu aplikasi terpercaya,False
26543,74939,Kredivo,5,2025-01-25,aplikasi yang sangat bermanfaat,False
26552,64758,Kredivo,5,2025-04-09,sukses selalu kredivo,False
26556,187280,Akulaku,5,2024-08-08,respon cepat mantap,False
26594,248639,Kredivo,5,2024-05-16,bagus dan sangat bagus,False
26599,210656,Akulaku,5,2024-03-01,makasih udah banyak membantu,False
26601,250612,Kredivo,5,2024-05-05,apk yang bagus,False
26605,237700,Kredivo,5,2024-07-16,"terimakasih kredivo, sangat membantu",False
26624,77428,Kredivo,5,2025-01-07,sangat membantu ketika dibutuhkan,False
26643,250635,Kredivo,5,2024-05-05,sangat mudah dan memberikan kemudahan,False
26666,153320,Akulaku,5,2025-12-02,ga bisa pinjam,False
26672,74496,Kredivo,5,2025-01-29,"sangat membantu, terima kasih kredivo",False
26692,217409,Akulaku,5,2024-01-22,mantapppp sangat membantu,False
26754,161407,Akulaku,5,2025-06-22,terimakasih aku laku,False
26761,192866,Akulaku,5,2024-07-02,terima kasi akulaku,False
26778,87194,Kredivo,5,2024-10-30,sangat membantu kaum mendang mending,False
26824,194539,Akulaku,5,2024-06-22,aku laku ok,False
26854,88561,Kredivo,5,2024-10-20,membantu sekali aplikasi ini,False
26881,45830,Kredivo,5,2025-09-27,keren dan mantap,False
26893,275016,Kredivo,5,2024-01-09,sangat membantu sekali,False
26923,119059,Akulaku,1,2024-07-09,tidak sesuai expetasi,False
26952,259166,Kredivo,5,2024-03-16,oke terima kasih,False
26987,273099,Kredivo,5,2024-01-16,semoga di acc amin,False
27035,198423,Akulaku,5,2024-05-26,akulaku the best,False
27091,23850,Kredivo,1,2024-02-09,kenapa saya ga bisa login,False
27097,36667,Kredivo,5,2026-01-06,aplikasi yg membantu,False
27122,268579,Kredivo,5,2024-02-04,cepat proses y,False
27130,265682,Kredivo,5,2024-02-17,mudah & cepat,True
27155,264759,Kredivo,5,2024-02-21,sangat membantu terimakasih kredivo,False
27162,67922,Kredivo,5,2025-03-14,sangat mudah dan gk ribet,False
27228,87175,Kredivo,5,2024-10-30,langsung di acc,False
27272,273835,Kredivo,5,2024-01-14,baik dan bagus,False
27316,258909,Kredivo,5,2024-03-18,semoga bisa transaksi lagi,False
27321,169776,Akulaku,5,2025-01-20,sangat membantu terimakasih,False
27341,206260,Akulaku,5,2024-03-29,mantap cepat terpercaya,False
27380,269000,Kredivo,5,2024-02-02,sangat membantu terimakasih,False
27594,165794,Akulaku,5,2025-03-29,sangat membantu trimakasih akulaku,False
27638,147047,Akulaku,4,2024-09-18,limit nya gk bisa di pake,False
27743,236572,Kredivo,5,2024-07-22,baik dan cepat prosesnya,True
27747,39826,Kredivo,5,2025-12-02,thank you kredivo,False
27768,268387,Kredivo,5,2024-02-05,kredivo sangat membantu,False
27783,79420,Kredivo,5,2024-12-25,aplikasi bagus membantu banget,False
27800,88776,Kredivo,5,2024-10-18,top markotop sangat membantu,False
27865,233397,Kredivo,5,2024-08-11,makasih bos ku,False
27889,270349,Kredivo,5,2024-01-28,sangat membantu di saat ada kebutuhan,False
27940,128721,Akulaku,1,2024-02-09,paylater gak bisa di gunakan,False
27962,271697,Kredivo,5,2024-01-22,sangat puas pake aplikasi kredivo,False
28013,86065,Kredivo,5,2024-11-07,sangat cepat pencairannya,False
28102,80997,Kredivo,5,2024-12-13,solusi yg tepat,False
28119,19603,Kredivo,1,2024-04-29,semoga di acc,False
28186,54021,Kredivo,5,2025-06-23,aplikasi yang sangat bermanfaat,False
28196,198371,Akulaku,5,2024-05-27,saya senang dgn aplikasi ini,False
28301,204593,Akulaku,5,2024-04-10,akulaku the best,False
28409,265690,Kredivo,5,2024-02-17,kredivo baik hati,False
28466,256804,Kredivo,5,2024-03-29,sangat membantu.. mantap,False
28486,192692,Akulaku,5,2024-07-03,memberikan solusi yg tepat,False
28515,61723,Kredivo,5,2025-05-07,pelayanan sangat baik,False
28531,73917,Kredivo,5,2025-02-02,"terimakasih, sangat membantu sekali",False
28549,193837,Akulaku,5,2024-06-26,knpa paylater sya tidak bisa digunakan,False
28699,79452,Kredivo,5,2024-12-25,aplikasi pinjaman terbaik,False
28702,235552,Kredivo,5,2024-07-31,kredivo sangat membantu sya,False
28709,91998,Kredivo,5,2024-09-27,"sangat membantu, terima kasih",True
28734,30955,Kredivo,3,2025-11-19,ga bisa reset pin,True
28810,99955,Akulaku,1,2025-09-22,paylater gak bisa di gunakan,False
28937,254711,Kredivo,5,2024-04-12,limit kaga bisa d pake,False
28946,241346,Kredivo,5,2024-06-22,terimakasih sangat membantu...,False
28949,236826,Kredivo,5,2024-07-20,selama ini masih bagus,False
28981,167911,Akulaku,5,2025-02-20,akulaku is the best,False
28995,273463,Kredivo,5,2024-01-15,sat set langsung cair,True
29087,229359,Kredivo,4,2024-01-13,cukup baik pelayanannya,False
29104,110715,Akulaku,1,2024-12-15,aplikasi gk jelas,False
29127,87736,Kredivo,5,2024-10-26,aplikasi sangat membantu..,False
29143,265945,Kredivo,5,2024-02-16,bintang yg berbicara,False
29192,151728,Akulaku,5,2026-01-06,proses cepat tidak ribet,False
29203,220352,Akulaku,5,2024-01-04,akulaku the best,False
29241,62177,Kredivo,5,2025-05-03,cepet dn mudah,False
29323,177358,Akulaku,5,2024-10-22,ga bisa di gunakan,False
29374,228631,Kredivo,4,2024-02-28,semoga tetap yg terbaik,False
29386,64233,Kredivo,5,2025-04-14,apk ini sangat membantu,False
29408,22364,Kredivo,1,2024-03-06,aplikasi gak beres,False
29463,246265,Kredivo,5,2024-05-28,terima kasih banyak kredivo,False
29473,254044,Kredivo,5,2024-04-16,sukses selalu untuk kredivo,False
29519,166442,Akulaku,5,2025-03-17,saya puas dengan akulaku,False
29543,178702,Akulaku,5,2024-10-11,sangat membantu dlm keadaan mendesak,False
29644,159552,Akulaku,5,2025-07-25,apk bagus sangat membantu,False
29735,250971,Kredivo,5,2024-05-04,sangat membantu dan mudah digunakan aplikasinya,False
29816,229712,Kredivo,5,2024-09-04,sangat membantu dlm segala hal,False
29819,234916,Kredivo,5,2024-08-02,aplikasi yg sangat membantu.,False
29882,211036,Akulaku,5,2024-02-28,"bunga rendah, mantap",False
29914,193143,Akulaku,5,2024-06-30,makasih udah membantu,False
29933,74028,Kredivo,5,2025-02-01,easy to use,False
29984,180654,Akulaku,5,2024-09-26,sangat bagus untuk modal usaha,False
29994,88082,Kredivo,5,2024-10-23,sangat membantu sekali,False
29999,84008,Kredivo,5,2024-11-22,pencairan cepat bunga rendah,False
30108,134694,Akulaku,2,2024-09-27,sudah lunas gk bisa pinjam lagi,True
30168,140271,Akulaku,3,2025-01-09,ga bisa download akulaku,False
30214,53563,Kredivo,5,2025-06-28,aplikasi yang bagus sekali,False
30262,198038,Akulaku,5,2024-05-29,"pengajuan cepat, gak ribet",False
30264,22192,Kredivo,1,2024-03-09,aplikasi yg sangat membantu,False
30392,71396,Kredivo,5,2025-02-19,puas dengan layanan kredivo,False
30454,251317,Kredivo,5,2024-05-02,sangat sangat puas,False
30461,72445,Kredivo,5,2025-02-11,mantap apk kredivo,False
30488,266592,Kredivo,5,2024-02-12,sangat puas dan sangat membantu,False
30613,252529,Kredivo,5,2024-04-25,"aplikasi yg sangat membantu, mantap",False
30681,256731,Kredivo,5,2024-03-30,sangat membantu sekali. terima kasih kredivo,False
30685,201240,Akulaku,5,2024-05-05,sukses sllu akulaku,False
30699,189122,Akulaku,5,2024-07-27,biarkan bintang yang berbicara,False
30783,195539,Akulaku,5,2024-06-15,alhmdllh sangat membantu,False
30816,277010,Kredivo,5,2024-01-01,emang mantap kredivo,False
30890,209142,Akulaku,5,2024-03-09,baguss gak ribet,False
30894,78902,Kredivo,5,2024-12-28,bagus aplikasi nya sangat membantu,False
30996,79461,Kredivo,5,2024-12-25,aplikasi sangat membantu sekali,False
31029,116832,Akulaku,1,2024-08-18,sudah tidak recommended lagi,False
31034,263396,Kredivo,5,2024-02-26,transaksi sangat mudah dn cepat,False
31159,188729,Akulaku,5,2024-07-30,limit saya gak bisa di pakai,False
31258,251450,Kredivo,5,2024-05-01,pelayanan nya baik,False
31338,85230,Kredivo,5,2024-11-13,cukup puas dengan aplikasi kredivo,True
31397,276838,Kredivo,5,2024-01-02,bagus lah pokoknya,False
31398,35887,Kredivo,5,2026-01-14,semoga di acc,False
31424,138482,Akulaku,2,2024-01-02,paylater gk bisa digunakan,False
31437,93226,Kredivo,5,2024-09-19,aplikasi yg sangat membantu sekali,False
31471,192741,Akulaku,5,2024-07-02,limit banyak tpi gak bisa di gunakan,False
31521,250737,Kredivo,5,2024-05-05,semoga limit cepat naik,False
31676,70563,Kredivo,5,2025-02-25,proses cepat dan amanah,False
31678,49488,Kredivo,5,2025-08-22,bagus dan cepat,False
31718,99148,Akulaku,1,2025-10-14,aplikasi ga guna,False
31793,68310,Kredivo,5,2025-03-11,good luck kredivo,False
31833,219244,Akulaku,5,2024-01-10,akulaku ist the best,False
31874,258080,Kredivo,5,2024-03-22,terima kasih kredivo.,False
31902,62681,Kredivo,5,2025-04-29,aplikasi sangat membantu,False
31916,202643,Akulaku,5,2024-04-26,cepat nggak ribet,False
31917,35703,Kredivo,5,2026-01-16,makasih sudah membantu,False
31930,65581,Kredivo,5,2025-04-02,biarkan bintang yang berbicara,False
31967,213295,Akulaku,5,2024-02-14,mantap limitnya gede,False
31971,89804,Kredivo,5,2024-10-10,mantap dan terbaik,False
31982,197367,Akulaku,5,2024-06-03,nyaman dan terpercaya,False
31986,172024,Akulaku,5,2024-12-11,selalu ada saat di butuhkan,False
32001,247522,Kredivo,5,2024-05-22,mudah untuk daftar,False
32071,58826,Kredivo,5,2025-06-02,"mantap, cepat prosesnya",False
32072,72040,Kredivo,5,2025-02-14,sangat berguna dan membantu,False
32083,81633,Kredivo,5,2024-12-09,senang pakai kredivo,True
32088,79711,Kredivo,5,2024-12-23,sangat mudah dan bagus,False
32114,73432,Kredivo,5,2025-02-04,kredivo tetap dihati,False
32195,131056,Akulaku,1,2024-01-10,percuma punya limit tapi ngga bisa di pake,False
32232,4346,Kredivo,1,2025-07-21,tidak pernah di acc,False
32240,167912,Akulaku,5,2025-02-20,terimakasih atas bantuanya,False
32263,251066,Kredivo,5,2024-05-03,sangat bagus dan rekomendasi,False
32303,211436,Akulaku,5,2024-02-26,sangat terbantu sekali dengan akulaku,False
32306,172278,Akulaku,5,2024-12-06,sangat membantu disaat tgl tua,False
32312,69936,Kredivo,5,2025-03-01,transaksi cepat dan mudah,False
32344,195457,Akulaku,5,2024-06-16,sangat membantu sekali. terima kasih,False
32345,266357,Kredivo,5,2024-02-13,aplikasi ngk ribet,False
32368,16753,Kredivo,1,2024-07-05,limit gak bisa digunakan,False
32405,60875,Kredivo,5,2025-05-15,pelayanan baik dan cepat,False
32421,132865,Akulaku,2,2025-06-27,ga bisa ngajuin pinjaman,False
32470,83810,Kredivo,5,2024-11-24,sangat membantu bagus banget,False
32489,44381,Kredivo,5,2025-10-11,bagus bs membantu,False
32529,195684,Akulaku,5,2024-06-14,mudah ngga pakai ribet,True
32583,54540,Kredivo,5,2025-06-17,puas dn mantap,False
32594,261155,Kredivo,5,2024-03-06,"mudah, cepat dan sangat membantu",False
32647,72151,Kredivo,5,2025-02-13,sangat bermanfaat sekali,False
32754,232049,Kredivo,5,2024-08-20,aplikasinya ok banget,False
32767,250693,Kredivo,5,2024-05-05,sangat membantu dan sangat mudah di gunakan,False
32836,71702,Kredivo,5,2025-02-17,sangat membantu. terimakasih kredivo,False
32838,75193,Kredivo,5,2025-01-23,mudah d gunakan,True
32870,67230,Kredivo,5,2025-03-20,pelayanan super cepat,False
32882,264198,Kredivo,5,2024-02-23,bagus kredivo nya,False
32901,44226,Kredivo,5,2025-10-13,aplikasi yg sangat membantu dan mudah,False
32910,76721,Kredivo,5,2025-01-12,kredivo memang top,False
32957,182514,Akulaku,5,2024-09-11,cairkan pinjaman saya,False
33039,238991,Kredivo,5,2024-07-07,aplikasi top bgt,False
33064,207768,Akulaku,5,2024-03-19,aplikasi yang membantu kami,False
33092,10306,Kredivo,1,2025-01-05,pengajuan saya di tolak,False
33170,231941,Kredivo,5,2024-08-21,sangat membatu di saat mendesak,False
33191,118447,Akulaku,1,2024-07-20,aplikasi ngak jelas,False
33223,118659,Akulaku,1,2024-07-16,aplikasi buruk sudah lunas tidak bisa pinjam lagi,True
33229,249759,Kredivo,5,2024-05-10,sangat mudah terimakasih kredivo,False
33356,251156,Kredivo,5,2024-05-03,sangat membantu saat kebutuhan mendadak,True
33395,46555,Kredivo,5,2025-09-20,mantap aplikasi yg sangat membantu,False
33403,196218,Akulaku,5,2024-06-10,membantu disaat perlu,False
33439,192524,Akulaku,5,2024-07-04,akulaku is the best,False
33489,6550,Kredivo,1,2025-05-28,aplikasi ga berguna,False
33551,71662,Kredivo,5,2025-02-17,aplikasi yg sangat menyenangkan,False
33561,13868,Kredivo,1,2024-09-17,gak sesuai iklan,True
33592,17166,Kredivo,1,2024-06-26,aplikasi tdk bermutu,False
33617,161506,Akulaku,5,2025-06-19,akulaku sukses terus,False
33652,131674,Akulaku,1,2024-01-02,gk bisa di pake,False
33671,72879,Kredivo,5,2025-02-08,gampang dan mudah,False
33676,55905,Kredivo,5,2025-06-09,terima kasi kredivo sudah membantu,False
33870,65846,Kredivo,5,2025-03-30,sangat membantu dan mudah prosesnya,False
33933,224050,Kredivo,4,2025-06-11,semoga kedepan lebih baik lg,False
33938,83224,Kredivo,5,2024-11-28,sangat membantu sekali,False
33995,227535,Kredivo,4,2024-05-29,sangat membantu dn bunga kecil,False
34090,179171,Akulaku,5,2024-10-07,membantu sekali ini aplikasi,False
34111,192949,Akulaku,5,2024-07-01,mantap ini akulaku,False
34135,238376,Kredivo,5,2024-07-11,"sangat membantu sekali,terima kasih",False
34155,55082,Kredivo,5,2025-06-12,proses cepat dan mudah,False
34169,75782,Kredivo,5,2025-01-19,bagus dan cepat tanggap,False
34253,73813,Kredivo,5,2025-02-02,nyaman dan cepat,False
34263,188328,Akulaku,5,2024-08-01,sangat sangat membantu,False
34390,52631,Kredivo,5,2025-07-11,bagus gak ribet,False
34463,24729,Kredivo,1,2024-01-25,biar bintang yang bicara,False
34570,91801,Kredivo,5,2024-09-29,sangat membantu disaat genting,False
34630,265575,Kredivo,5,2024-02-17,sangat membantu buat saya,False
34650,204304,Akulaku,5,2024-04-13,ngk bisa pake limit,False
34703,257328,Kredivo,5,2024-03-26,kredivo memang yang terbaik,False
34778,90361,Kredivo,5,2024-10-07,bagus sangat membantu sekali,False
34793,46647,Kredivo,5,2025-09-20,good job kredivo,False
34804,61458,Kredivo,5,2025-05-10,sangat membantu di saat butuh,False
34805,183735,Akulaku,5,2024-09-02,sangat puas dengan pelayanan,False
34819,276786,Kredivo,5,2024-01-02,bagus bsa membantu,False
34850,234846,Kredivo,5,2024-08-03,proses cepat dan ga ribet,False
34873,242990,Kredivo,5,2024-06-13,mantap sangat membantu,True
34903,223107,Kredivo,4,2025-12-09,mudah gk ribet,False
34905,244254,Kredivo,5,2024-06-07,sangat membantu dan mudah,False
34945,86401,Kredivo,5,2024-11-05,sangat membantu sekali.. terima kasih kredivo,True
34950,94433,Kredivo,5,2024-09-11,terima kasih sudah di bantu,False
34998,90284,Kredivo,5,2024-10-07,"cepat, mudah dan simpel",False
35006,90282,Kredivo,5,2024-10-07,aplikasi cukup membantu saya,False
35019,176529,Akulaku,5,2024-10-29,mantap gk ribet,False
35022,168915,Akulaku,5,2025-02-02,masih yang terbaik,False
35045,94215,Kredivo,5,2024-09-12,sangat membantu sekali. terimakasih,True
35132,41451,Kredivo,5,2025-11-13,ada limit tapi ga bisa di pakai,False
35158,271477,Kredivo,5,2024-01-23,"mantapp, sangat membantu",False
35208,82462,Kredivo,5,2024-12-03,kredivo is the best,False
35314,91886,Kredivo,5,2024-09-28,kredivo memang terbaik,False
35384,241472,Kredivo,5,2024-06-21,bagus buat darurat,False
35421,173659,Akulaku,5,2024-11-22,mantapp aku laku,False
35475,141504,Akulaku,3,2024-08-23,makin ke sini makin ribet,False
35519,45824,Kredivo,5,2025-09-28,sangat mudah pengajuan nya,True
35532,210902,Akulaku,5,2024-02-28,limit paylater saya ga bisa di gunakan,False
35636,35435,Kredivo,5,2026-01-19,sangat mudah dan membantu,False
35691,87567,Kredivo,5,2024-10-27,mudah dn cepet,False
35814,86520,Kredivo,5,2024-11-04,semoga kredivo tetap jaya,True
35828,182368,Akulaku,5,2024-09-12,"mudah , ga ribet",False
35962,94245,Kredivo,5,2024-09-12,sangat membantu sya,False
35964,186393,Akulaku,5,2024-08-15,sangat membantu.terimakasih akulaku,True
36042,188063,Akulaku,5,2024-08-03,biar kan bintang yg bicara,False
36043,84738,Kredivo,5,2024-11-17,bagus sangat membantu,False
36067,46363,Kredivo,5,2025-09-22,terimah kasih kredivo,False
36088,177975,Akulaku,5,2024-10-17,sangat membantu top,True
36105,264770,Kredivo,5,2024-02-21,saya puas dengan kredivo,False
36199,109198,Akulaku,1,2025-01-20,paylater gk jelas,True
36231,180140,Akulaku,5,2024-09-30,sangat membantu pokoknya,False
36272,179854,Akulaku,5,2024-10-02,pinjaman mudah dan aman,False
36311,37162,Kredivo,5,2026-01-01,sangat memuaskan dan membantu,False
36354,240340,Kredivo,5,2024-06-29,mudah dan ga ribet,False
36375,247297,Kredivo,5,2024-05-23,baik sangat bagus,False
36382,242926,Kredivo,5,2024-06-14,sangat mudah dan gk ribet,False
36421,202312,Akulaku,5,2024-04-28,cpt dan aman,False
36495,223561,Kredivo,4,2025-09-09,semoga bisa membantu,True
36525,106309,Akulaku,1,2025-04-09,tidak bisa meminjam,False
36550,251082,Kredivo,5,2024-05-03,bagus semoga bermanfaat,False
36588,86758,Kredivo,5,2024-11-02,mantap dan sangat bermanfaat,False
36589,157725,Akulaku,5,2025-08-31,akulaku sangat amanah,True
36697,156179,Akulaku,5,2025-10-01,trimakasih sdh membantu,False
36847,263966,Kredivo,5,2024-02-24,bagus sangat membantu,False
36875,205058,Akulaku,5,2024-04-06,akulaku memang the best,False
36878,59935,Kredivo,5,2025-05-23,cepat di acc,False
36907,70203,Kredivo,5,2025-02-27,proses cepat & mudah,False
36919,92777,Kredivo,5,2024-09-21,cepat dan tanpa ribet,False
36985,94116,Kredivo,5,2024-09-13,saya puas dengan aplikasi ini,False
37029,141252,Akulaku,3,2024-09-15,limit nya ga bisa di pake,False
37064,190864,Akulaku,5,2024-07-15,sangat membantu sekali,False
37321,49860,Kredivo,5,2025-08-16,aplikasi yg bisa di andalkan,False
37349,229650,Kredivo,5,2024-09-04,kenapa aplikasi kredivo tidak bisa di buka,False
37390,226662,Kredivo,4,2024-08-26,semoga aplikasi ini bisa membantu,False
37393,258569,Kredivo,5,2024-03-19,"bagus, gak ribet",False
37399,210138,Akulaku,5,2024-03-03,terimakasih akulaku sangat membantu.,False
37400,90077,Kredivo,5,2024-10-09,sangat puas atas pelayanan nya,False
37478,214804,Akulaku,5,2024-02-04,cepat aman amanah,False
37494,80169,Kredivo,5,2024-12-19,sangat membantu untuk kebutuhan mendesak,True
37511,262172,Kredivo,5,2024-03-01,terima kasih mantap,False
37543,138955,Akulaku,3,2025-10-10,susah pinjam disini,False
37560,87360,Kredivo,5,2024-10-29,mantap membantu banget,False
37575,63259,Kredivo,5,2025-04-22,bagus dan menarik,False
37596,70266,Kredivo,5,2025-02-27,proses cepat dan terpercaya,False
37668,238502,Kredivo,5,2024-07-11,bagus dan cepet,False
37704,239871,Kredivo,5,2024-07-01,kredivo sangat bermanfaat,False
37728,231823,Kredivo,5,2024-08-21,terima kasih kredivo,False
37781,235640,Kredivo,5,2024-07-31,baru mau mencoba,False
37789,231663,Kredivo,5,2024-08-22,terimakasih sudah membantu,False
37818,53233,Kredivo,5,2025-07-02,mantap langsung cair,False
37828,83351,Kredivo,5,2024-11-28,sangat puas memakai kredivo,False
37889,92018,Kredivo,5,2024-09-27,sangat bagus mudah dan cepat,False
37897,60099,Kredivo,5,2025-05-22,aplikasi ini sangat membantu,False
37995,97459,Akulaku,1,2025-11-29,paylater tdk bs digunakan,False
38023,51155,Kredivo,5,2025-07-29,the best banget,False
38099,250641,Kredivo,5,2024-05-05,semoga ter acc,False
38127,205346,Akulaku,5,2024-04-04,selama ini tdk ada masalah,True
38209,42340,Kredivo,5,2025-11-03,terima kasih kredivo,False
38237,64926,Kredivo,5,2025-04-08,mantap dan cepat,False
38257,205143,Akulaku,5,2024-04-05,sangat membantu untuk kebutuhan keluarga,False
38315,210764,Akulaku,5,2024-02-29,gk bisa di pake paylaternya,False
38388,193969,Akulaku,5,2024-06-25,baik dan istimewa,False
38479,38656,Kredivo,5,2025-12-14,cepat dan nggak ribet,False
38493,86898,Kredivo,5,2024-11-01,kredivo memang mantul,False
38577,94663,Kredivo,5,2024-09-09,cepat no ribet ribet,False
38619,249997,Kredivo,5,2024-05-09,cepat bgt cairnya,False
38652,15641,Kredivo,1,2024-08-03,ga bisa dipakai,False
38663,218557,Akulaku,5,2024-01-15,"sangat membantu, terima kasih akulaku",False
38693,233302,Kredivo,5,2024-08-12,ga ribet dan terpercaya,False
38699,78845,Kredivo,5,2024-12-29,mudah proses cepat,False
38746,129664,Akulaku,1,2024-01-29,limit tidak dapat di gunakan,False
38794,76873,Kredivo,5,2025-01-11,kredivo emang mantap,False
38847,254623,Kredivo,5,2024-04-12,sangat membantu terimakasih,True
38857,44555,Kredivo,5,2025-10-09,good luck kredivo,False
38869,71018,Kredivo,5,2025-02-21,prosesnya cepat dan mudah,False
38959,202119,Akulaku,5,2024-04-29,puas gak ribet,False
39000,259225,Kredivo,5,2024-03-16,sangat membantu sekali,False
39001,275169,Kredivo,5,2024-01-08,sangat membantu saat genting,True
39006,66136,Kredivo,5,2025-03-27,sangat mudah dn membantu sekali,False
39087,70005,Kredivo,5,2025-02-28,sangat mudah dan proses cepat,False
39140,68681,Kredivo,5,2025-03-09,prosesnya cepat dan gak ribet,False
39252,240126,Kredivo,5,2024-06-30,sangat membantu saya terimakasih kredivo,False
39425,64370,Kredivo,5,2025-04-13,mantap dah kredivo,True
39503,218079,Akulaku,5,2024-01-18,terima kasih akulaku,False
39523,71251,Kredivo,5,2025-02-20,mantab ga ribet,False
39614,35839,Kredivo,5,2026-01-15,mantap sangat membantu,False
39642,43745,Kredivo,5,2025-10-18,aplikasi mudah digunakan,False
39711,187854,Akulaku,5,2024-08-04,kenapa paylater saya tidak bisa,False
39720,185734,Akulaku,5,2024-08-20,aplikasi sangat membantu terimakasih akulaku,False
39873,184185,Akulaku,5,2024-08-31,luar biasa sangat membantu sekali,False
39903,104535,Akulaku,1,2025-06-03,aplikasi paling buruk,False
39917,189896,Akulaku,5,2024-07-22,sangat mudah melakukan transaksi,False
39920,95067,Kredivo,5,2024-09-07,aplikasi sangat membatu,False
40011,210766,Akulaku,5,2024-02-29,bagus sangat membantu,False
40059,200989,Akulaku,5,2024-05-07,akulaku emang luar biasa,False
40109,130593,Akulaku,1,2024-01-16,paylater gak bisa digunakan,False
40116,59544,Kredivo,5,2025-05-27,kredivo top banget,False
40171,64609,Kredivo,5,2025-04-11,terima kasih kredivo.,False
40245,199409,Akulaku,5,2024-05-19,ya sangat membantu,False
40261,190629,Akulaku,5,2024-07-17,ok sangat membantu saya,False
40306,50258,Kredivo,5,2025-08-09,kredivo sangat membantu,False
40321,257502,Kredivo,5,2024-03-25,trims sudah di acc,False
40326,215575,Akulaku,5,2024-02-01,mantap sangat membantu,False
40352,233209,Kredivo,5,2024-08-12,kredivo sangat membantu,False
40424,240662,Kredivo,5,2024-06-27,bagus dan sangat membantu sekali,False
40475,269635,Kredivo,5,2024-01-31,bintang 5 full,False
40507,210059,Akulaku,5,2024-03-04,bagus sekali pelayanannya,False
40519,65100,Kredivo,5,2025-04-06,semoga bisa di acc,False
40600,258997,Kredivo,5,2024-03-17,kredivo emg bagus,False
40689,62877,Kredivo,5,2025-04-26,kredivo the best,False
40694,71330,Kredivo,5,2025-02-19,layanan nya bagus,False
40705,78332,Kredivo,5,2025-01-01,sangat bagus sekali aplikasi nya,False
40739,105904,Akulaku,1,2025-04-23,paylater gak bisa di pakai,False
40758,87775,Kredivo,5,2024-10-25,aplikasi sangat bagus,False
40766,273669,Kredivo,5,2024-01-14,sangat membantu dalam kebutuhan,False
40772,72594,Kredivo,5,2025-02-10,"sangat membantu, terimakasih kredivo",False
40804,198968,Akulaku,5,2024-05-23,aplikasi nya mantap sangat membantu,False
40834,187202,Akulaku,5,2024-08-09,aku laku memang ok,False
40876,47856,Kredivo,5,2025-09-08,terimakasih sangat membantu,False
40922,89119,Kredivo,5,2024-10-15,biarkan bintang yang berbicara,False
40978,235305,Kredivo,5,2024-08-01,kredivo selalu dihati,False
41014,120326,Akulaku,1,2024-06-19,ada limit ga bisa di pakai,True
41056,127296,Akulaku,1,2024-02-28,paylater ga bisa dipakai,False
41082,252160,Kredivo,5,2024-04-28,"sangat bagus,dan membantu",False
41092,170360,Akulaku,5,2025-01-09,sayangnya gak bisa pakai dana,False
41105,191086,Akulaku,5,2024-07-13,gak bisa pakai payleter,False
41175,138370,Akulaku,2,2024-01-08,paylater ngak bisa di pake,False
41317,232517,Kredivo,5,2024-08-17,semoga sukses selalu,False
41350,182943,Akulaku,5,2024-09-08,ada limit paylater tapi ga bisa di pake,False
41401,2435,Kredivo,1,2025-10-10,pelayanan sangat buruk,True
41516,149511,Akulaku,4,2024-03-08,bagus bisa membantu,False
41546,123179,Akulaku,1,2024-05-03,punya limit gk bisa di pake,False
41643,202614,Akulaku,5,2024-04-26,sangat membantu saya,False
41772,122981,Akulaku,1,2024-05-06,aplikasi gak jelas,False
41791,193399,Akulaku,5,2024-06-29,paylater ga bisa di pake,False
41802,188375,Akulaku,5,2024-08-01,sangat membantu a,False
41804,216552,Akulaku,5,2024-01-26,mantab dah pokoknya,False
42003,136587,Akulaku,2,2024-04-28,limit payleter ga bisa di gunakan,False
42024,254054,Kredivo,5,2024-04-16,mantap bunga ringan,False
42076,184253,Akulaku,5,2024-08-30,puas di akulaku,False
42080,213016,Akulaku,5,2024-02-16,terima kasih banyak untuk akulaku,False
42105,73184,Kredivo,5,2025-02-06,terimakasih kredivo sudah membantu saya,False
42143,92497,Kredivo,5,2024-09-23,kredivo memang oke,True
42197,68127,Kredivo,5,2025-03-13,bagus dan mudah,False
42202,69644,Kredivo,5,2025-03-02,pendaptaran sangat mudah,False
42239,107168,Akulaku,1,2025-03-12,gak bisa cair,False
42246,70940,Kredivo,5,2025-02-22,bagus cepat cair,False
42266,176312,Akulaku,5,2024-10-31,aplikasi yang bisa di andalkan,False
42286,265324,Kredivo,5,2024-02-19,sangat membantu.bunga ringan,True
42292,170973,Akulaku,5,2024-12-31,mudah dan tak ribet,False
42300,49906,Kredivo,5,2025-08-15,mantap terima kasih,False
42334,192076,Akulaku,5,2024-07-06,akulaku solusi yang tepat,False
42358,206596,Akulaku,5,2024-03-27,sangat membantu dan simpel,False
42458,93820,Kredivo,5,2024-09-15,app sangat membantu,False
42478,67336,Kredivo,5,2025-03-19,ok terima kasih,False
42492,274825,Kredivo,5,2024-01-09,mudah dan cepat mantap,False
42509,204646,Akulaku,5,2024-04-10,"sangat membantu, terimakasih al",False
42703,83332,Kredivo,5,2024-11-28,sangat membantu sekali dalam berbelanja,False
42751,69065,Kredivo,5,2025-03-06,luar biasa kredivo,False
42795,86216,Kredivo,5,2024-11-06,jos gandos pokoknya,False
42936,240034,Kredivo,5,2024-06-30,cukup baik dan membantu,False
42964,214729,Akulaku,5,2024-02-05,paylater nya tidak bisa,False
43081,210608,Akulaku,5,2024-03-01,mudah dan ringan,False
43086,178889,Akulaku,5,2024-10-09,bagus aplikasi akulaku,False
43106,156941,Akulaku,5,2025-09-16,aplikasi bagus sangat membantu,False
43230,127867,Akulaku,1,2024-02-20,paylatter tidak bisa digunakan,False
43239,83688,Kredivo,5,2024-11-25,"mudah, aman dan terpercaya",False
43290,61118,Kredivo,5,2025-05-13,aplikasi ter the best,False
43458,113666,Akulaku,1,2024-10-12,punya limit paylater tp tidak bisa digunakan,False
43556,255317,Kredivo,5,2024-04-07,layanan cepat ga ribet,False
43566,114200,Akulaku,1,2024-10-02,paylater tidak bisa digunakan,False
43614,123437,Akulaku,1,2024-04-29,jangan di download,False
43619,177584,Akulaku,5,2024-10-20,akulaku the best,False
43721,76554,Kredivo,5,2025-01-13,bagus dapat membantu,True
43744,274266,Kredivo,5,2024-01-12,pelayanan sangat baik,False
43745,203671,Akulaku,5,2024-04-18,mantap sangat membantu,False
43746,275404,Kredivo,5,2024-01-07,sangat mudah sangat membantu,False
43786,76349,Kredivo,5,2025-01-15,aplikasi paling bermanfaat,False
43834,53142,Kredivo,5,2025-07-03,mudah digunakan dan sangat membantu,False
43849,144024,Akulaku,3,2024-02-04,blm pernah di acc,False
43939,212344,Akulaku,5,2024-02-20,limit ada tapi ga bisa dipakai,False
43945,45698,Kredivo,5,2025-09-29,apk yang luar biasa,False
43964,85153,Kredivo,5,2024-11-14,bagus tidak ribet,False
44034,57431,Kredivo,5,2025-06-07,mantap aplikasi ini sangat membantu,False
44223,50789,Kredivo,5,2025-08-03,sangat bagus aplikasinya,False
44250,243400,Kredivo,5,2024-06-11,sangat membantu thanks,False
44256,271123,Kredivo,5,2024-01-25,mantap aplikasi yang bagus,True
44274,49569,Kredivo,5,2025-08-20,t o p,True
44341,187038,Akulaku,5,2024-08-10,pembayaran yang mudah,False
44350,205074,Akulaku,5,2024-04-06,"mantap,sukses terus akulaku",False
44456,87319,Kredivo,5,2024-10-29,kredivo sngat membantu,False
44474,141537,Akulaku,3,2024-08-21,ada limit tapi ga bisa di pakai.,False
44524,78486,Kredivo,5,2024-12-31,sangat sangat memuaskan,False
44626,64134,Kredivo,5,2025-04-15,pengajuan mudah dan proses cepat,False
44630,253813,Kredivo,5,2024-04-17,gk bs pinjam,False
44693,52603,Kredivo,5,2025-07-11,aplikasi yg sangat bagus,False
44707,94107,Kredivo,5,2024-09-13,sangat membantu.. terimakasih kredivo,False
44708,219341,Akulaku,5,2024-01-10,bagus pelayanan cepat,False
44714,79258,Kredivo,5,2024-12-26,bagus cepet responnya,True
44772,236778,Kredivo,5,2024-07-20,aplikasi nya sangat membantu dan memuaskan,False
44817,176749,Akulaku,5,2024-10-27,paylater gk bisa di gunakan,False
44838,226476,Kredivo,4,2024-09-15,belum di setujui,False
44893,4462,Kredivo,1,2025-07-15,sudah tidak bisa di pakai,False
44959,186621,Akulaku,5,2024-08-13,sangat puas belanja di akulaku,False
44961,274953,Kredivo,5,2024-01-09,mantap benar deh,False
45010,220368,Akulaku,5,2024-01-04,pinjaman cepat ga ribet,True
45042,255884,Kredivo,5,2024-04-04,lebih di tingkatkan lg,False
45056,189414,Akulaku,5,2024-07-25,sangat puas sangat membantu,False
45269,108174,Akulaku,1,2025-02-12,tidak bisa pinjam,False
45300,262581,Kredivo,5,2024-02-29,proses pengajuan sangat cepat,True
45301,47342,Kredivo,5,2025-09-13,sangat membantu dalam keadaan sulit,True
45303,43326,Kredivo,5,2025-10-22,trimakasih sudah membantu,False
45330,92378,Kredivo,5,2024-09-24,mantap terimakasih kredivo,False
45370,233021,Kredivo,5,2024-08-13,mantep luar biasa,True
45372,75640,Kredivo,5,2025-01-20,cepat dan aman,False
45391,204044,Akulaku,5,2024-04-15,bagus sangat membantu,True
45408,206445,Akulaku,5,2024-03-28,kaga bisa di pakai limit nya,False
45417,211995,Akulaku,5,2024-02-23,senang belanja di akulaku,False
45462,241064,Kredivo,5,2024-06-24,"proses cepat,bunga rendah,sangat membantu sekali",False
45476,10508,Kredivo,1,2024-12-29,daftar tidak pernah di acc,False
45502,275531,Kredivo,5,2024-01-07,sangat membantu utk modal usaha,False
45535,61825,Kredivo,5,2025-05-06,sangat membantu sekali,True
45545,262214,Kredivo,5,2024-03-01,jempol aja deh,False
45560,189506,Akulaku,5,2024-07-25,sangat membantu banyak orang,True
45598,171660,Akulaku,5,2024-12-18,sukses terus akulaku,False
45611,234862,Kredivo,5,2024-08-03,pelayanan yg memuaskan,False
45642,179342,Akulaku,5,2024-10-05,sangat membantu sekali akulaku,False
45735,40423,Kredivo,5,2025-11-25,mudah gak ribet,False
45748,213515,Akulaku,5,2024-02-12,sangat membantu kebutuhan yg mendadak,False
45780,190481,Akulaku,5,2024-07-18,sangat membantu bunganya jg ringan,False
45788,72007,Kredivo,5,2025-02-14,sangat bagus pelayanan nya,False
45850,275222,Kredivo,5,2024-01-08,i love it,False
45880,117292,Akulaku,1,2024-08-10,aplikasi tak berguna,False
45897,87926,Kredivo,5,2024-10-24,aplikasi ini sangat membantu sekali,False
45957,90878,Kredivo,5,2024-10-04,kredivo is the best,False
45998,162559,Akulaku,5,2025-05-30,semoga pinjaman saya di acc min,False
46000,135076,Akulaku,2,2024-08-26,kaga bisa ngajuin pinjaman,False
46070,79784,Kredivo,5,2024-12-22,i love it,False
46145,86938,Kredivo,5,2024-11-01,mudah cepat aman,False
46214,161854,Akulaku,5,2025-06-12,terimakasih sdh membantu saya,False
46295,70653,Kredivo,5,2025-02-24,prosesnya mudah dan cepat,False
46350,83520,Kredivo,5,2024-11-26,pencairan cepat dan terpercaya,False
46384,198280,Akulaku,5,2024-05-27,mantap membantu sekali,True
46407,249171,Kredivo,5,2024-05-13,sangat membantu sekali mantap,False
46429,255631,Kredivo,5,2024-04-05,sangat membantu..terima kasih kredivo,False
46435,171274,Akulaku,5,2024-12-25,aplikasi ini sangat bagus,False
46449,183004,Akulaku,5,2024-09-07,apk yg mantap,False
46464,275444,Kredivo,5,2024-01-07,sangat membantu buat kebutuhan mendesak,False
46521,274524,Kredivo,5,2024-01-11,prosesnya cepet bgt,False
46543,201515,Akulaku,5,2024-05-03,aplikasi yang sangat membantu,False
46584,10194,Kredivo,1,2025-01-09,tidak bisa membantu,False
46625,193557,Akulaku,5,2024-06-28,akulaku sangat membantu,False
46641,220631,Akulaku,5,2024-01-03,mantap nggak ribet,False
46646,120955,Akulaku,1,2024-06-10,tidak bisa d gunakan,False
46653,35428,Kredivo,5,2026-01-19,"....., , &",False
46665,252258,Kredivo,5,2024-04-27,kredivo mantap pokoknya,False
46707,54153,Kredivo,5,2025-06-21,proses nya sangat cepat,False
46725,83382,Kredivo,5,2024-11-27,sangat membantu untuk kebutuhan sehari hari,False
46753,194041,Akulaku,5,2024-06-25,terimakasih banyak membantu,True
46787,136907,Akulaku,2,2024-04-01,makin gk jelas,False
46822,235044,Kredivo,5,2024-08-02,"bagus, tidak ribet",False
46839,238803,Kredivo,5,2024-07-08,proses cepet kaga ribet,False
46870,54104,Kredivo,5,2025-06-22,kredivo the best,False
46899,198041,Akulaku,5,2024-05-29,sangat membantu sekali terima kasih akulaku,False
46901,271234,Kredivo,5,2024-01-24,mudah dan cepat mantap,False
46965,253953,Kredivo,5,2024-04-17,makin mantap aja,True
47005,135960,Akulaku,2,2024-06-16,saya tidak pernah di acc,False
47010,173819,Akulaku,5,2024-11-21,terimakasih akulaku sangat membantu saya,False
47025,208701,Akulaku,5,2024-03-12,aplikasi yg sangat bagus dan sangat membantu,False
47137,255207,Kredivo,5,2024-04-08,"bagus, saya suka",False
47184,82235,Kredivo,5,2024-12-05,mantap deh kredivo,False
47210,71222,Kredivo,5,2025-02-20,aplikasi paling bagus,False
47288,194029,Akulaku,5,2024-06-25,sangat bagus dan terjamin,False
47296,181960,Akulaku,5,2024-09-16,tolong di acc min,False
47318,190173,Akulaku,5,2024-07-20,mantaaap sukses selalu,False
47385,233719,Kredivo,5,2024-08-09,kredivo emang top,False
47528,70071,Kredivo,5,2025-02-28,cepat dan tidak bertele tele,False
47529,133669,Akulaku,2,2025-01-25,kenapa paylater saya tidak bisa digunakan,False
47574,187830,Akulaku,5,2024-08-04,bagus sangat terpercaya,False
47618,68540,Kredivo,5,2025-03-10,kredivo good job,False
47643,171920,Akulaku,5,2024-12-13,aku laku emang mantap,True
47657,242840,Kredivo,5,2024-06-14,good dan sangat membantu,False
47769,178824,Akulaku,5,2024-10-10,sangat membantu keungan,False
47771,126469,Akulaku,1,2024-03-10,gk bisa pke paylater,False
47780,244850,Kredivo,5,2024-06-04,terima kasih sudah di acc,False
47797,172649,Akulaku,5,2024-12-01,app yg sangat membantu,False
47820,263054,Kredivo,5,2024-02-27,thank you kredivo,False
47824,165876,Akulaku,5,2025-03-28,aplikasi sangat membantu,False
47994,247227,Kredivo,5,2024-05-23,semoga pengajuan saya disetujui,False
48048,191236,Akulaku,5,2024-07-12,playleter gk bisa di gunakan,False
48097,188238,Akulaku,5,2024-08-02,limit nya kaga bisa di pake,False
48114,249329,Kredivo,5,2024-05-12,sangat cepat dalam pelayanan,False
48256,128704,Akulaku,1,2024-02-10,payah playleter tdk bisa di gunakan,False
48268,64964,Kredivo,5,2025-04-07,sangat bagus dlm pelayanan,False
48309,258362,Kredivo,5,2024-03-20,memang mantap kredivo,False
48407,74187,Kredivo,5,2025-01-31,semoga selalu sukses,False
48423,208265,Akulaku,5,2024-03-15,terimakasih sangat membantu,False
48578,84490,Kredivo,5,2024-11-19,sangat membantu skali,False
48612,55086,Kredivo,5,2025-06-12,alhamdulillah aplikasi sangat membantu,False
48660,246647,Kredivo,5,2024-05-26,kredivo oke banget,False
48744,261906,Kredivo,5,2024-03-02,sangat membantu. terimakasih,False
48816,218753,Akulaku,5,2024-01-13,limit paylater ga bisa di gunakan,False
48828,157731,Akulaku,5,2025-08-31,saya puas dengan pelayanan akulaku,False
48962,22937,Kredivo,1,2024-02-27,limit gak naik2,False
49002,15315,Kredivo,1,2024-08-12,pengajuan selalu ditolak,False
49033,72535,Kredivo,5,2025-02-11,proses cepat cicilan ringan,False
49125,77723,Kredivo,5,2025-01-05,trimakasih kredivo sudah sangat membantu,False
49174,214861,Akulaku,5,2024-02-04,suku bunga nya rendah,False
49197,70076,Kredivo,5,2025-02-28,mantap lah sangat membantu,False
49280,204926,Akulaku,5,2024-04-07,limit paylater banyak tapi gak bisa di pakai,False
49338,171042,Akulaku,5,2024-12-29,layanan sangat memuaskan,False
49363,266652,Kredivo,5,2024-02-12,sangat cepat tidak ribet,False
49366,185903,Akulaku,5,2024-08-19,biar bintang yg menilai,False
49492,90901,Kredivo,5,2024-10-04,sangat membantu mudah dan cepat,False
49517,143091,Akulaku,3,2024-04-10,limit ga bisa di gunakan,False
49524,72579,Kredivo,5,2025-02-10,puas pake kredivo,False
49540,75211,Kredivo,5,2025-01-23,proses cepat dan membantu,True
49546,174152,Akulaku,5,2024-11-18,cepat dan mudah,False
49587,159459,Akulaku,5,2025-07-27,cepat langsung cair,False
49637,51541,Kredivo,5,2025-07-24,proses cepat dan tidak ribet,False
49697,248839,Kredivo,5,2024-05-15,sangat puas dengan kredivo,False
49884,187072,Akulaku,5,2024-08-10,sukses terus akulaku,False
49924,259046,Kredivo,5,2024-03-17,the best paylater,False
49981,194748,Akulaku,5,2024-06-21,mantap tdk ribet,False
